DATETIMEDATA,PM25,PM10,O3,CO,NO2,SO2,WS,TEMP,RH,WD,stationID
2024-02-01 00:00:00,51.0,,,,,,1,29,65,281,02t
2024-02-01 01:00:00,59.5,,,,,,0,29,68,299,02t
2024-02-01 02:00:00,42.9,,,,,,0,28,69,308,02t
2024-02-01 03:00:00,42.4,,,,,,0,28,70,317,02t
2024-02-01 04:00:00,40.6,,,,,,0,28,70,26,02t
2024-02-01 05:00:00,40.1,,,,,,0,28,71,10,02t
2024-02-01 06:00:00,39.4,,,,,,0,28,72,353,02t
2024-02-01 07:00:00,44.2,,,,,,0,28,73,44,02t
2024-02-01 08:00:00,43.4,,,,,,0,29,73,310,02t
2024-02-01 09:00:00,37.8,,,,,,0,30,72,286,02t
2024-02-01 10:00:00,37.5,,,,,,1,31,68,276,02t
2024-02-01 11:00:00,35.9,,,,,,1,32,60,280,02t
2024-02-01 12:00:00,35.3,,,,,,1,33,53,279,02t
2024-02-01 13:00:00,30.5,,,,,,1,34,48,280,02t
2024-02-01 14:00:00,27.8,,,,,,1,34,47,277,02t
2024-02-01 15:00:00,28.5,,,,,,1,34,48,281,02t
2024-02-01 16:00:00,31.5,,,,,,1,33,49,282,02t
2024-02-01 17:00:00,32.8,,,,,,0,33,52,294,02t
2024-02-01 18:00:00,30.2,,,,,,0,31,56,359,02t
2024-02-01 19:00:00,27.1,,,,,,0,30,61,38,02t
2024-02-01 20:00:00,24.8,,,,,,0,30,64,357,02t
2024-02-01 21:00:00,25.1,,,,,,0,30,67,313,02t
2024-02-01 22:00:00,27.8,,,,,,0,29,68,326,02t
2024-02-01 23:00:00,25.3,,,,,,0,29,69,330,02t
2024-02-02 00:00:00,22.9,,,,,,0,29,70,351,02t
2024-02-02 01:00:00,24.1,,,,,,0,29,71,324,02t
2024-02-02 02:00:00,19.3,,,,,,0,28,71,6,02t
2024-02-02 03:00:00,19.2,,,,,,0,28,72,1,02t
2024-02-02 04:00:00,20.7,,,,,,0,28,72,25,02t
2024-02-02 05:00:00,25.5,,,,,,0,28,72,356,02t
2024-02-02 06:00:00,27.3,,,,,,0,28,72,3,02t
2024-02-02 07:00:00,28.4,,,,,,0,28,73,350,02t
2024-02-02 08:00:00,28.5,,,,,,0,29,73,340,02t
2024-02-02 09:00:00,28.4,,,,,,0,30,72,296,02t
2024-02-02 10:00:00,29.8,,,,,,1,31,67,282,02t
2024-02-02 11:00:00,29.9,,,,,,0,32,60,348,02t
2024-02-02 12:00:00,36.7,,,,,,1,34,53,300,02t
2024-02-02 13:00:00,32.9,,,,,,1,35,48,283,02t
2024-02-02 14:00:00,32.8,,,,,,1,34,46,284,02t
2024-02-02 15:00:00,33.2,,,,,,1,34,46,282,02t
2024-02-02 16:00:00,27.0,,,,,,0,34,47,295,02t
2024-02-02 17:00:00,38.3,,,,,,0,33,49,28,02t
2024-02-02 18:00:00,35.7,,,,,,0,32,52,5,02t
2024-02-02 19:00:00,29.5,,,,,,0,31,57,11,02t
2024-02-02 20:00:00,27.7,,,,,,0,30,62,6,02t
2024-02-02 21:00:00,25.5,,,,,,0,30,65,32,02t
2024-02-02 22:00:00,23.6,,,,,,0,30,67,13,02t
2024-02-02 23:00:00,21.0,,,,,,0,29,68,21,02t
2024-02-03 00:00:00,21.0,,,,,,0,29,70,12,02t
2024-02-03 01:00:00,30.2,,,,,,0,29,71,347,02t
2024-02-03 02:00:00,24.4,,,,,,0,29,72,354,02t
2024-02-03 03:00:00,22.0,,,,,,0,29,72,33,02t
2024-02-03 04:00:00,24.9,,,,,,0,29,73,21,02t
2024-02-03 05:00:00,25.8,,,,,,0,29,73,16,02t
2024-02-03 06:00:00,28.7,,,,,,0,28,74,8,02t
2024-02-03 07:00:00,33.1,,,,,,0,28,74,353,02t
2024-02-03 08:00:00,33.3,,,,,,0,29,74,355,02t
2024-02-03 09:00:00,31.5,,,,,,0,30,73,314,02t
2024-02-03 10:00:00,30.6,,,,,,1,31,71,289,02t
2024-02-03 11:00:00,34.1,,,,,,1,32,66,286,02t
2024-02-03 12:00:00,31.2,,,,,,1,34,60,287,02t
2024-02-03 13:00:00,28.4,,,,,,0,34,56,297,02t
2024-02-03 14:00:00,29.1,,,,,,1,34,54,291,02t
2024-02-03 15:00:00,29.9,,,,,,0,34,53,294,02t
2024-02-03 16:00:00,32.0,,,,,,0,34,52,286,02t
2024-02-03 17:00:00,31.9,,,,,,0,33,53,58,02t
2024-02-03 18:00:00,31.4,,,,,,0,32,56,4,02t
2024-02-03 19:00:00,30.6,,,,,,0,31,60,4,02t
2024-02-03 20:00:00,29.1,,,,,,0,30,64,19,02t
2024-02-03 21:00:00,28.8,,,,,,0,30,66,343,02t
2024-02-03 22:00:00,31.2,,,,,,0,30,68,344,02t
2024-02-03 23:00:00,24.2,,,,,,0,29,70,38,02t
2024-02-04 00:00:00,25.7,,,,,,0,29,70,332,02t
2024-02-04 01:00:00,26.7,,,,,,0,29,71,27,02t
2024-02-04 02:00:00,24.9,,,,,,0,29,71,43,02t
2024-02-04 03:00:00,24.5,,,,,,0,29,72,29,02t
2024-02-04 04:00:00,28.0,,,,,,0,29,72,58,02t
2024-02-04 05:00:00,27.9,,,,,,0,29,72,44,02t
2024-02-04 06:00:00,27.7,,,,,,0,29,72,29,02t
2024-02-04 07:00:00,30.4,,,,,,0,29,73,4,02t
2024-02-04 08:00:00,31.1,,,,,,0,29,73,17,02t
2024-02-04 09:00:00,30.5,,,,,,1,30,73,284,02t
2024-02-04 10:00:00,32.3,,,,,,1,31,68,279,02t
2024-02-04 11:00:00,32.0,,,,,,1,33,60,268,02t
2024-02-04 12:00:00,32.1,,,,,,1,34,53,280,02t
2024-02-04 13:00:00,35.5,,,,,,1,35,48,277,02t
2024-02-04 14:00:00,27.9,,,,,,1,36,44,265,02t
2024-02-04 15:00:00,24.9,,,,,,1,35,47,276,02t
2024-02-04 16:00:00,32.1,,,,,,0,35,48,292,02t
2024-02-04 17:00:00,34.8,,,,,,0,34,51,58,02t
2024-02-04 18:00:00,30.6,,,,,,0,33,53,34,02t
2024-02-04 19:00:00,33.2,,,,,,0,32,57,351,02t
2024-02-04 20:00:00,36.6,,,,,,0,31,61,26,02t
2024-02-04 21:00:00,34.2,,,,,,0,30,64,314,02t
2024-02-04 22:00:00,35.8,,,,,,1,30,67,270,02t
2024-02-04 23:00:00,32.1,,,,,,0,30,70,309,02t
2024-02-05 00:00:00,29.5,,,,,,0,30,70,296,02t
2024-02-05 01:00:00,27.7,,,,,,0,29,72,291,02t
2024-02-05 02:00:00,28.6,,,,,,0,29,72,321,02t
2024-02-05 03:00:00,25.5,,,,,,0,29,72,285,02t
2024-02-05 04:00:00,26.2,,,,,,0,28,72,16,02t
2024-02-05 05:00:00,25.1,,,,,,0,28,72,318,02t
2024-02-05 06:00:00,30.6,,,,,,0,28,72,22,02t
2024-02-05 07:00:00,35.5,,,,,,0,28,73,38,02t
2024-02-05 08:00:00,36.1,,,,,,1,29,74,289,02t
2024-02-05 09:00:00,30.5,,,,,,1,30,72,279,02t
2024-02-05 10:00:00,37.1,,,,,,1,31,68,276,02t
2024-02-05 11:00:00,38.4,,,,,,1,33,60,282,02t
2024-02-05 12:00:00,41.3,,,,,,1,35,51,278,02t
2024-02-05 13:00:00,46.0,,,,,,1,35,49,281,02t
2024-02-05 14:00:00,46.8,,,,,,0,36,48,292,02t
2024-02-05 15:00:00,46.1,,,,,,1,35,49,279,02t
2024-02-05 16:00:00,44.0,,,,,,1,35,49,278,02t
2024-02-05 17:00:00,51.7,,,,,,0,35,50,295,02t
2024-02-05 18:00:00,48.8,,,,,,0,34,52,32,02t
2024-02-05 19:00:00,48.5,,,,,,0,32,56,82,02t
2024-02-05 20:00:00,44.0,,,,,,0,31,58,7,02t
2024-02-05 21:00:00,47.1,,,,,,0,31,61,28,02t
2024-02-05 22:00:00,37.5,,,,,,1,31,65,301,02t
2024-02-05 23:00:00,30.6,,,,,,1,30,70,280,02t
2024-02-06 00:00:00,28.5,,,,,,1,30,71,288,02t
2024-02-06 01:00:00,35.7,,,,,,0,29,72,311,02t
2024-02-06 02:00:00,28.7,,,,,,0,29,73,4,02t
2024-02-06 03:00:00,26.4,,,,,,0,29,73,333,02t
2024-02-06 04:00:00,24.7,,,,,,0,29,73,314,02t
2024-02-06 05:00:00,30.1,,,,,,0,28,74,316,02t
2024-02-06 06:00:00,30.0,,,,,,0,28,74,17,02t
2024-02-06 07:00:00,33.5,,,,,,0,28,75,23,02t
2024-02-06 08:00:00,27.4,,,,,,0,29,76,118,02t
2024-02-06 09:00:00,,,,,,,0,30,75,339,02t
2024-02-06 10:00:00,29.9,,,,,,0,32,71,290,02t
2024-02-06 11:00:00,28.5,,,,,,1,33,61,282,02t
2024-02-06 12:00:00,33.4,,,,,,1,35,52,289,02t
2024-02-06 13:00:00,30.7,,,,,,1,35,49,276,02t
2024-02-06 14:00:00,31.0,,,,,,1,35,48,282,02t
2024-02-06 15:00:00,35.6,,,,,,1,35,48,276,02t
2024-02-06 16:00:00,38.2,,,,,,1,35,51,287,02t
2024-02-06 17:00:00,34.1,,,,,,0,34,52,34,02t
2024-02-06 18:00:00,31.8,,,,,,0,33,56,64,02t
2024-02-06 19:00:00,37.6,,,,,,0,32,59,79,02t
2024-02-06 20:00:00,39.1,,,,,,0,31,63,36,02t
2024-02-06 21:00:00,34.3,,,,,,0,31,67,321,02t
2024-02-06 22:00:00,23.1,,,,,,1,30,70,285,02t
2024-02-06 23:00:00,29.0,,,,,,1,30,72,288,02t
2024-02-07 00:00:00,25.3,,,,,,0,30,72,298,02t
2024-02-07 01:00:00,29.9,,,,,,0,29,73,316,02t
2024-02-07 02:00:00,26.2,,,,,,0,29,73,316,02t
2024-02-07 03:00:00,26.5,,,,,,0,29,73,24,02t
2024-02-07 04:00:00,26.4,,,,,,0,29,74,30,02t
2024-02-07 05:00:00,25.1,,,,,,0,29,74,31,02t
2024-02-07 06:00:00,26.6,,,,,,0,28,74,310,02t
2024-02-07 07:00:00,30.9,,,,,,0,28,75,297,02t
2024-02-07 08:00:00,27.8,,,,,,0,29,76,294,02t
2024-02-07 09:00:00,29.6,,,,,,1,30,75,288,02t
2024-02-07 10:00:00,29.3,,,,,,1,31,67,280,02t
2024-02-07 11:00:00,27.6,,,,,,1,33,61,279,02t
2024-02-07 12:00:00,29.6,,,,,,0,35,52,293,02t
2024-02-07 13:00:00,27.7,,,,,,1,36,48,282,02t
2024-02-07 14:00:00,29.7,,,,,,0,35,47,297,02t
2024-02-07 15:00:00,31.0,,,,,,0,34,48,303,02t
2024-02-07 16:00:00,27.7,,,,,,1,34,48,289,02t
2024-02-07 17:00:00,31.3,,,,,,0,33,49,36,02t
2024-02-07 18:00:00,27.3,,,,,,0,32,53,45,02t
2024-02-07 19:00:00,28.6,,,,,,0,31,58,36,02t
2024-02-07 20:00:00,32.6,,,,,,0,30,62,11,02t
2024-02-07 21:00:00,27.7,,,,,,0,30,66,29,02t
2024-02-07 22:00:00,29.4,,,,,,0,30,69,301,02t
2024-02-07 23:00:00,30.8,,,,,,0,29,71,299,02t
2024-02-08 00:00:00,28.5,,,,,,0,29,73,324,02t
2024-02-08 01:00:00,30.6,,,,,,0,29,73,4,02t
2024-02-08 02:00:00,26.7,,,,,,0,29,74,339,02t
2024-02-08 03:00:00,26.3,,,,,,0,29,74,327,02t
2024-02-08 04:00:00,29.1,,,,,,0,28,75,338,02t
2024-02-08 05:00:00,26.7,,,,,,0,28,75,8,02t
2024-02-08 06:00:00,28.3,,,,,,0,28,75,360,02t
2024-02-08 07:00:00,29.3,,,,,,0,28,76,338,02t
2024-02-08 08:00:00,29.5,,,,,,0,29,76,320,02t
2024-02-08 09:00:00,31.7,,,,,,0,30,75,358,02t
2024-02-08 10:00:00,28.6,,,,,,1,31,70,294,02t
2024-02-08 11:00:00,31.5,,,,,,1,33,61,281,02t
2024-02-08 12:00:00,28.1,,,,,,1,34,55,288,02t
2024-02-08 13:00:00,26.8,,,,,,0,35,49,354,02t
2024-02-08 14:00:00,25.4,,,,,,0,34,48,312,02t
2024-02-08 15:00:00,21.7,,,,,,0,34,49,327,02t
2024-02-08 16:00:00,27.0,,,,,,0,34,50,357,02t
2024-02-08 17:00:00,28.4,,,,,,0,33,51,346,02t
2024-02-08 18:00:00,29.9,,,,,,0,32,56,360,02t
2024-02-08 19:00:00,29.7,,,,,,0,31,61,348,02t
2024-02-08 20:00:00,26.0,,,,,,0,30,64,350,02t
2024-02-08 21:00:00,24.7,,,,,,0,30,66,344,02t
2024-02-08 22:00:00,26.2,,,,,,0,30,69,11,02t
2024-02-08 23:00:00,24.8,,,,,,0,29,70,30,02t
2024-02-09 00:00:00,23.7,,,,,,0,29,71,20,02t
2024-02-09 01:00:00,23.4,,,,,,0,29,72,350,02t
2024-02-09 02:00:00,23.0,,,,,,0,29,72,20,02t
2024-02-09 03:00:00,23.9,,,,,,0,29,72,51,02t
2024-02-09 04:00:00,23.6,,,,,,0,28,73,50,02t
2024-02-09 05:00:00,25.6,,,,,,0,28,73,81,02t
2024-02-09 06:00:00,26.7,,,,,,0,28,73,157,02t
2024-02-09 07:00:00,29.3,,,,,,0,28,74,72,02t
2024-02-09 08:00:00,29.3,,,,,,0,29,74,339,02t
2024-02-09 09:00:00,30.8,,,,,,0,30,72,325,02t
2024-02-09 10:00:00,27.8,,,,,,1,32,66,311,02t
2024-02-09 11:00:00,26.5,,,,,,1,33,59,321,02t
2024-02-09 12:00:00,25.5,,,,,,0,35,47,311,02t
2024-02-09 13:00:00,23.7,,,,,,1,35,45,303,02t
2024-02-09 14:00:00,20.6,,,,,,0,35,45,336,02t
2024-02-09 15:00:00,23.6,,,,,,1,35,49,289,02t
2024-02-09 16:00:00,24.3,,,,,,1,34,52,293,02t
2024-02-09 17:00:00,28.2,,,,,,1,33,56,282,02t
2024-02-09 18:00:00,25.7,,,,,,0,32,59,29,02t
2024-02-09 19:00:00,26.1,,,,,,0,31,63,5,02t
2024-02-09 20:00:00,29.0,,,,,,0,31,66,12,02t
2024-02-09 21:00:00,28.9,,,,,,0,30,68,353,02t
2024-02-09 22:00:00,27.3,,,,,,0,30,69,29,02t
2024-02-09 23:00:00,23.2,,,,,,0,30,70,37,02t
2024-02-10 00:00:00,27.8,,,,,,0,30,70,22,02t
2024-02-10 01:00:00,30.5,,,,,,0,30,71,342,02t
2024-02-10 02:00:00,29.6,,,,,,0,29,71,31,02t
2024-02-10 03:00:00,28.1,,,,,,0,29,71,10,02t
2024-02-10 04:00:00,28.3,,,,,,0,29,72,28,02t
2024-02-10 05:00:00,31.3,,,,,,0,29,72,314,02t
2024-02-10 06:00:00,34.7,,,,,,0,29,72,310,02t
2024-02-10 07:00:00,38.7,,,,,,0,29,73,302,02t
2024-02-10 08:00:00,36.8,,,,,,0,30,73,334,02t
2024-02-10 09:00:00,38.5,,,,,,0,31,72,86,02t
2024-02-10 10:00:00,38.7,,,,,,0,31,70,53,02t
2024-02-10 11:00:00,38.0,,,,,,1,29,72,291,02t
2024-02-10 12:00:00,32.2,,,,,,1,29,74,276,02t
2024-02-10 13:00:00,30.5,,,,,,0,27,82,315,02t
2024-02-10 14:00:00,42.0,,,,,,2,28,86,293,02t
2024-02-10 15:00:00,49.1,,,,,,1,30,86,286,02t
2024-02-10 16:00:00,43.5,,,,,,1,30,86,266,02t
2024-02-10 17:00:00,51.5,,,,,,1,30,85,273,02t
2024-02-10 18:00:00,56.5,,,,,,0,30,85,264,02t
2024-02-10 19:00:00,58.5,,,,,,0,29,85,301,02t
2024-02-10 20:00:00,57.1,,,,,,0,28,84,277,02t
2024-02-10 21:00:00,61.5,,,,,,0,28,84,293,02t
2024-02-10 22:00:00,61.0,,,,,,0,28,84,96,02t
2024-02-10 23:00:00,54.6,,,,,,0,28,84,90,02t
2024-02-11 00:00:00,48.8,,,,,,0,28,82,84,02t
2024-02-11 01:00:00,33.7,,,,,,0,27,79,100,02t
2024-02-11 02:00:00,47.6,,,,,,0,27,77,94,02t
2024-02-11 03:00:00,46.5,,,,,,0,26,75,88,02t
2024-02-11 04:00:00,41.9,,,,,,0,26,72,105,02t
2024-02-11 05:00:00,36.8,,,,,,0,26,70,71,02t
2024-02-11 06:00:00,35.3,,,,,,1,26,68,97,02t
2024-02-11 07:00:00,37.0,,,,,,1,25,64,95,02t
2024-02-11 08:00:00,37.4,,,,,,1,26,61,79,02t
2024-02-11 09:00:00,43.3,,,,,,1,27,56,82,02t
2024-02-11 10:00:00,43.5,,,,,,2,28,50,81,02t
2024-02-11 11:00:00,33.2,,,,,,2,30,46,75,02t
2024-02-11 12:00:00,34.8,,,,,,1,31,41,83,02t
2024-02-11 13:00:00,36.2,,,,,,1,32,40,86,02t
2024-02-11 14:00:00,40.8,,,,,,2,32,39,54,02t
2024-02-11 15:00:00,44.5,,,,,,1,32,40,55,02t
2024-02-11 16:00:00,44.7,,,,,,1,32,40,72,02t
2024-02-11 17:00:00,46.4,,,,,,2,32,43,7,02t
2024-02-11 18:00:00,50.2,,,,,,1,30,46,1,02t
2024-02-11 19:00:00,50.7,,,,,,1,29,49,14,02t
2024-02-11 20:00:00,49.2,,,,,,0,28,50,3,02t
2024-02-11 21:00:00,50.6,,,,,,0,28,51,37,02t
2024-02-11 22:00:00,59.4,,,,,,0,28,52,6,02t
2024-02-11 23:00:00,61.1,,,,,,0,27,53,40,02t
2024-02-12 00:00:00,61.9,,,,,,0,27,54,56,02t
2024-02-12 01:00:00,64.0,,,,,,0,27,56,113,02t
2024-02-12 02:00:00,64.0,,,,,,0,27,56,94,02t
2024-02-12 03:00:00,64.5,,,,,,0,26,56,74,02t
2024-02-12 04:00:00,66.0,,,,,,0,26,56,62,02t
2024-02-12 05:00:00,60.9,,,,,,0,25,57,34,02t
2024-02-12 06:00:00,62.9,,,,,,0,25,58,357,02t
2024-02-12 07:00:00,62.5,,,,,,1,25,58,70,02t
2024-02-12 08:00:00,62.5,,,,,,1,25,55,85,02t
2024-02-12 09:00:00,54.2,,,,,,1,26,50,65,02t
2024-02-12 10:00:00,49.0,,,,,,1,28,45,72,02t
2024-02-12 11:00:00,44.5,,,,,,1,30,40,87,02t
2024-02-12 12:00:00,46.5,,,,,,1,32,37,63,02t
2024-02-12 13:00:00,51.8,,,,,,2,32,36,60,02t
2024-02-12 14:00:00,57.3,,,,,,2,32,36,48,02t
2024-02-12 15:00:00,54.1,,,,,,1,32,37,42,02t
2024-02-12 16:00:00,55.2,,,,,,1,32,37,56,02t
2024-02-12 17:00:00,53.6,,,,,,2,32,40,13,02t
2024-02-12 18:00:00,59.7,,,,,,1,30,45,14,02t
2024-02-12 19:00:00,58.5,,,,,,1,29,47,37,02t
2024-02-12 20:00:00,58.6,,,,,,0,29,49,327,02t
2024-02-12 21:00:00,66.3,,,,,,0,28,51,283,02t
2024-02-12 22:00:00,70.2,,,,,,0,27,52,281,02t
2024-02-12 23:00:00,71.9,,,,,,0,27,55,245,02t
2024-02-13 00:00:00,75.1,,,,,,0,26,57,51,02t
2024-02-13 01:00:00,71.8,,,,,,0,26,58,19,02t
2024-02-13 02:00:00,73.9,,,,,,0,26,59,308,02t
2024-02-13 03:00:00,70.7,,,,,,0,25,61,279,02t
2024-02-13 04:00:00,73.0,,,,,,0,25,62,299,02t
2024-02-13 05:00:00,69.7,,,,,,0,24,63,280,02t
2024-02-13 06:00:00,75.3,,,,,,0,24,65,89,02t
2024-02-13 07:00:00,79.9,,,,,,0,24,63,90,02t
2024-02-13 08:00:00,74.8,,,,,,1,26,57,66,02t
2024-02-13 09:00:00,61.0,,,,,,1,28,49,76,02t
2024-02-13 10:00:00,46.2,,,,,,1,30,43,86,02t
2024-02-13 11:00:00,40.6,,,,,,2,32,38,82,02t
2024-02-13 12:00:00,37.9,,,,,,1,33,36,75,02t
2024-02-13 13:00:00,44.3,,,,,,1,34,34,64,02t
2024-02-13 14:00:00,47.3,,,,,,1,34,33,64,02t
2024-02-13 15:00:00,55.7,,,,,,1,34,32,56,02t
2024-02-13 16:00:00,55.9,,,,,,1,34,31,70,02t
2024-02-13 17:00:00,58.4,,,,,,1,34,31,73,02t
2024-02-13 18:00:00,60.5,,,,,,0,33,35,31,02t
2024-02-13 19:00:00,66.3,,,,,,1,32,41,10,02t
2024-02-13 20:00:00,70.0,,,,,,0,31,45,334,02t
2024-02-13 21:00:00,88.7,,,,,,0,30,48,316,02t
2024-02-13 22:00:00,100.7,,,,,,0,29,50,344,02t
2024-02-13 23:00:00,97.8,,,,,,0,29,51,92,02t
2024-02-14 00:00:00,99.8,,,,,,0,28,52,63,02t
2024-02-14 01:00:00,89.4,,,,,,0,28,54,80,02t
2024-02-14 02:00:00,96.2,,,,,,0,27,58,309,02t
2024-02-14 03:00:00,94.3,,,,,,0,27,60,290,02t
2024-02-14 04:00:00,92.0,,,,,,0,26,61,275,02t
2024-02-14 05:00:00,94.2,,,,,,0,26,61,289,02t
2024-02-14 06:00:00,89.6,,,,,,0,26,61,291,02t
2024-02-14 07:00:00,92.9,,,,,,0,26,62,348,02t
2024-02-14 08:00:00,102.7,,,,,,0,26,64,312,02t
2024-02-14 09:00:00,97.3,,,,,,1,28,52,78,02t
2024-02-14 10:00:00,73.4,,,,,,1,31,40,67,02t
2024-02-14 11:00:00,60.2,,,,,,1,34,34,63,02t
2024-02-14 12:00:00,59.0,,,,,,1,35,30,57,02t
2024-02-14 13:00:00,57.7,,,,,,0,36,28,63,02t
2024-02-14 14:00:00,61.6,,,,,,0,36,29,64,02t
2024-02-14 15:00:00,60.5,,,,,,0,36,30,308,02t
2024-02-14 16:00:00,61.6,,,,,,1,35,33,284,02t
2024-02-14 17:00:00,62.0,,,,,,0,35,34,279,02t
2024-02-14 18:00:00,65.4,,,,,,1,33,37,262,02t
2024-02-14 19:00:00,66.9,,,,,,0,32,40,299,02t
2024-02-14 20:00:00,68.6,,,,,,0,31,47,328,02t
2024-02-14 21:00:00,76.5,,,,,,0,31,53,302,02t
2024-02-14 22:00:00,81.7,,,,,,0,30,58,347,02t
2024-02-14 23:00:00,92.5,,,,,,0,30,62,304,02t
2024-02-15 00:00:00,88.6,,,,,,0,30,65,348,02t
2024-02-15 01:00:00,82.9,,,,,,0,29,66,3,02t
2024-02-15 02:00:00,64.6,,,,,,0,29,67,337,02t
2024-02-15 03:00:00,67.8,,,,,,0,29,68,42,02t
2024-02-15 04:00:00,66.8,,,,,,0,28,69,319,02t
2024-02-15 05:00:00,66.9,,,,,,0,28,70,339,02t
2024-02-15 06:00:00,79.8,,,,,,0,28,71,322,02t
2024-02-15 07:00:00,79.6,,,,,,0,28,72,301,02t
2024-02-15 08:00:00,78.1,,,,,,0,29,73,296,02t
2024-02-15 09:00:00,70.9,,,,,,0,30,71,347,02t
2024-02-15 10:00:00,64.0,,,,,,0,31,64,13,02t
2024-02-15 11:00:00,52.5,,,,,,0,33,55,290,02t
2024-02-15 12:00:00,54.0,,,,,,0,35,48,329,02t
2024-02-15 13:00:00,63.4,,,,,,1,35,47,274,02t
2024-02-15 14:00:00,62.4,,,,,,1,36,46,272,02t
2024-02-15 15:00:00,56.5,,,,,,1,36,46,289,02t
2024-02-15 16:00:00,57.6,,,,,,0,35,47,300,02t
2024-02-15 17:00:00,57.4,,,,,,1,34,48,285,02t
2024-02-15 18:00:00,56.6,,,,,,0,33,51,323,02t
2024-02-15 19:00:00,50.1,,,,,,1,32,60,316,02t
2024-02-15 20:00:00,36.7,,,,,,0,31,64,323,02t
2024-02-15 21:00:00,34.2,,,,,,0,30,67,357,02t
2024-02-15 22:00:00,30.9,,,,,,0,30,69,356,02t
2024-02-15 23:00:00,30.2,,,,,,0,30,69,4,02t
2024-02-16 00:00:00,27.6,,,,,,0,30,70,44,02t
2024-02-16 01:00:00,26.7,,,,,,0,30,70,24,02t
2024-02-16 02:00:00,26.9,,,,,,0,29,71,47,02t
2024-02-16 03:00:00,26.1,,,,,,0,29,72,44,02t
2024-02-16 04:00:00,28.7,,,,,,0,29,72,33,02t
2024-02-16 05:00:00,26.7,,,,,,0,29,72,355,02t
2024-02-16 06:00:00,27.3,,,,,,0,29,73,33,02t
2024-02-16 07:00:00,30.1,,,,,,0,29,74,304,02t
2024-02-16 08:00:00,,,,,,,0,0,0,0,02t
2024-02-16 09:00:00,30.7,,,,,,0,30,74,277,02t
2024-02-16 10:00:00,40.1,,,,,,0,32,66,301,02t
2024-02-16 11:00:00,43.8,,,,,,0,33,60,56,02t
2024-02-16 12:00:00,51.8,,,,,,0,33,56,13,02t
2024-02-16 13:00:00,52.0,,,,,,2,32,61,268,02t
2024-02-16 14:00:00,43.4,,,,,,1,33,62,268,02t
2024-02-16 15:00:00,40.7,,,,,,2,34,57,269,02t
2024-02-16 16:00:00,37.8,,,,,,1,34,55,283,02t
2024-02-16 17:00:00,36.2,,,,,,0,33,57,299,02t
2024-02-16 18:00:00,28.4,,,,,,0,32,60,289,02t
2024-02-16 19:00:00,30.4,,,,,,0,31,64,324,02t
2024-02-16 20:00:00,26.9,,,,,,0,30,66,347,02t
2024-02-16 21:00:00,27.8,,,,,,0,30,68,4,02t
2024-02-16 22:00:00,28.5,,,,,,0,30,69,11,02t
2024-02-16 23:00:00,24.5,,,,,,0,30,70,335,02t
2024-02-17 00:00:00,25.4,,,,,,0,30,71,11,02t
2024-02-17 01:00:00,28.1,,,,,,0,30,72,9,02t
2024-02-17 02:00:00,24.3,,,,,,1,29,72,334,02t
2024-02-17 03:00:00,25.0,,,,,,0,29,73,343,02t
2024-02-17 04:00:00,19.1,,,,,,0,29,74,327,02t
2024-02-17 05:00:00,20.2,,,,,,1,29,74,288,02t
2024-02-17 06:00:00,27.0,,,,,,1,29,74,269,02t
2024-02-17 07:00:00,26.1,,,,,,0,29,74,275,02t
2024-02-17 08:00:00,26.7,,,,,,0,27,76,45,02t
2024-02-17 09:00:00,27.3,,,,,,0,26,78,323,02t
2024-02-17 10:00:00,38.7,,,,,,0,27,78,300,02t
2024-02-17 11:00:00,49.0,,,,,,0,28,79,323,02t
2024-02-17 12:00:00,42.6,,,,,,0,30,77,282,02t
2024-02-17 13:00:00,32.8,,,,,,0,32,67,302,02t
2024-02-17 14:00:00,27.9,,,,,,1,32,62,288,02t
2024-02-17 15:00:00,29.2,,,,,,1,33,59,285,02t
2024-02-17 16:00:00,29.8,,,,,,0,32,59,347,02t
2024-02-17 17:00:00,29.7,,,,,,0,32,60,40,02t
2024-02-17 18:00:00,29.2,,,,,,0,31,63,24,02t
2024-02-17 19:00:00,26.9,,,,,,0,30,68,4,02t
2024-02-17 20:00:00,26.3,,,,,,0,30,69,13,02t
2024-02-17 21:00:00,23.4,,,,,,0,29,69,14,02t
2024-02-17 22:00:00,24.3,,,,,,0,29,69,12,02t
2024-02-17 23:00:00,24.6,,,,,,0,29,69,13,02t
2024-02-18 00:00:00,21.1,,,,,,0,29,70,2,02t
2024-02-18 01:00:00,31.4,,,,,,0,29,70,20,02t
2024-02-18 02:00:00,21.6,,,,,,0,29,71,357,02t
2024-02-18 03:00:00,20.8,,,,,,0,29,71,343,02t
2024-02-18 04:00:00,19.8,,,,,,0,28,72,351,02t
2024-02-18 05:00:00,19.9,,,,,,0,28,72,328,02t
2024-02-18 06:00:00,21.7,,,,,,0,27,74,337,02t
2024-02-18 07:00:00,21.7,,,,,,0,28,76,4,02t
2024-02-18 08:00:00,19.6,,,,,,0,29,76,350,02t
2024-02-18 09:00:00,23.5,,,,,,1,29,74,312,02t
2024-02-18 10:00:00,23.0,,,,,,1,30,71,297,02t
2024-02-18 11:00:00,21.6,,,,,,1,31,67,310,02t
2024-02-18 12:00:00,26.2,,,,,,1,32,63,281,02t
2024-02-18 13:00:00,24.6,,,,,,1,32,58,289,02t
2024-02-18 14:00:00,22.4,,,,,,1,33,55,303,02t
2024-02-18 15:00:00,22.7,,,,,,0,33,55,342,02t
2024-02-18 16:00:00,24.8,,,,,,0,32,55,4,02t
2024-02-18 17:00:00,29.3,,,,,,0,32,56,353,02t
2024-02-18 18:00:00,34.2,,,,,,0,31,59,15,02t
2024-02-18 19:00:00,31.3,,,,,,0,30,63,357,02t
2024-02-18 20:00:00,23.6,,,,,,0,29,66,353,02t
2024-02-18 21:00:00,27.7,,,,,,0,29,68,353,02t
2024-02-18 22:00:00,26.3,,,,,,0,29,69,348,02t
2024-02-18 23:00:00,22.9,,,,,,0,29,70,348,02t
2024-02-19 00:00:00,21.7,,,,,,0,28,71,351,02t
2024-02-19 01:00:00,25.3,,,,,,0,28,72,4,02t
2024-02-19 02:00:00,23.1,,,,,,0,28,72,5,02t
2024-02-19 03:00:00,23.3,,,,,,0,28,73,354,02t
2024-02-19 04:00:00,21.9,,,,,,0,28,73,339,02t
2024-02-19 05:00:00,25.0,,,,,,0,28,73,341,02t
2024-02-19 06:00:00,25.1,,,,,,0,27,74,333,02t
2024-02-19 07:00:00,25.7,,,,,,0,28,74,37,02t
2024-02-19 08:00:00,25.5,,,,,,0,28,74,333,02t
2024-02-19 09:00:00,24.8,,,,,,0,29,71,5,02t
2024-02-19 10:00:00,21.9,,,,,,0,31,64,314,02t
2024-02-19 11:00:00,23.3,,,,,,1,33,57,304,02t
2024-02-19 12:00:00,18.2,,,,,,1,34,53,316,02t
2024-02-19 13:00:00,21.4,,,,,,1,34,52,306,02t
2024-02-19 14:00:00,19.1,,,,,,1,34,51,289,02t
2024-02-19 15:00:00,17.3,,,,,,1,33,53,300,02t
2024-02-19 16:00:00,17.0,,,,,,1,33,55,297,02t
2024-02-19 17:00:00,18.8,,,,,,1,32,57,314,02t
2024-02-19 18:00:00,18.1,,,,,,0,31,60,30,02t
2024-02-19 19:00:00,16.2,,,,,,0,30,63,46,02t
2024-02-19 20:00:00,18.5,,,,,,0,30,65,10,02t
2024-02-19 21:00:00,18.6,,,,,,0,30,68,19,02t
2024-02-19 22:00:00,16.1,,,,,,0,29,69,343,02t
2024-02-19 23:00:00,16.9,,,,,,0,29,70,322,02t
2024-02-20 00:00:00,18.6,,,,,,1,29,72,302,02t
2024-02-20 01:00:00,20.7,,,,,,0,29,73,324,02t
2024-02-20 02:00:00,14.3,,,,,,0,29,74,313,02t
2024-02-20 03:00:00,11.8,,,,,,0,29,74,343,02t
2024-02-20 04:00:00,15.5,,,,,,0,29,74,353,02t
2024-02-20 05:00:00,16.2,,,,,,0,28,75,26,02t
2024-02-20 06:00:00,18.4,,,,,,0,28,75,37,02t
2024-02-20 07:00:00,19.6,,,,,,0,28,75,311,02t
2024-02-20 08:00:00,22.7,,,,,,0,29,73,316,02t
2024-02-20 09:00:00,19.5,,,,,,1,30,68,286,02t
2024-02-20 10:00:00,18.2,,,,,,1,31,60,280,02t
2024-02-20 11:00:00,17.1,,,,,,1,33,54,299,02t
2024-02-20 12:00:00,13.8,,,,,,1,35,48,288,02t
2024-02-20 13:00:00,20.9,,,,,,1,35,46,313,02t
2024-02-20 14:00:00,23.9,,,,,,0,34,47,36,02t
2024-02-20 15:00:00,18.6,,,,,,0,34,47,355,02t
2024-02-20 16:00:00,18.3,,,,,,0,33,49,53,02t
2024-02-20 17:00:00,16.5,,,,,,0,33,54,355,02t
2024-02-20 18:00:00,17.3,,,,,,0,32,59,8,02t
2024-02-20 19:00:00,19.4,,,,,,0,31,62,360,02t
2024-02-20 20:00:00,21.6,,,,,,1,30,65,19,02t
2024-02-20 21:00:00,19.2,,,,,,0,30,67,3,02t
2024-02-20 22:00:00,24.5,,,,,,0,30,69,5,02t
2024-02-20 23:00:00,23.9,,,,,,0,30,70,336,02t
2024-02-21 00:00:00,24.8,,,,,,0,29,70,341,02t
2024-02-21 01:00:00,19.9,,,,,,0,29,71,339,02t
2024-02-21 02:00:00,19.9,,,,,,0,29,71,355,02t
2024-02-21 03:00:00,23.9,,,,,,0,29,72,28,02t
2024-02-21 04:00:00,23.5,,,,,,0,29,72,0,02t
2024-02-21 05:00:00,22.9,,,,,,0,29,72,4,02t
2024-02-21 06:00:00,19.1,,,,,,0,29,73,13,02t
2024-02-21 07:00:00,20.5,,,,,,0,29,73,32,02t
2024-02-21 08:00:00,22.1,,,,,,0,30,73,25,02t
2024-02-21 09:00:00,23.6,,,,,,0,31,69,15,02t
2024-02-21 10:00:00,18.4,,,,,,1,32,64,310,02t
2024-02-21 11:00:00,20.4,,,,,,1,33,61,323,02t
2024-02-21 12:00:00,16.8,,,,,,1,34,54,324,02t
2024-02-21 13:00:00,16.7,,,,,,0,34,51,11,02t
2024-02-21 14:00:00,18.2,,,,,,0,34,51,358,02t
2024-02-21 15:00:00,18.7,,,,,,0,33,50,26,02t
2024-02-21 16:00:00,19.2,,,,,,0,33,51,4,02t
2024-02-21 17:00:00,18.4,,,,,,1,33,53,12,02t
2024-02-21 18:00:00,19.2,,,,,,0,32,59,28,02t
2024-02-21 19:00:00,20.8,,,,,,0,31,62,9,02t
2024-02-21 20:00:00,20.5,,,,,,0,30,64,13,02t
2024-02-21 21:00:00,21.1,,,,,,0,30,67,10,02t
2024-02-21 22:00:00,18.1,,,,,,0,30,68,3,02t
2024-02-21 23:00:00,17.9,,,,,,0,30,69,343,02t
2024-02-22 00:00:00,20.0,,,,,,0,29,70,347,02t
2024-02-22 01:00:00,22.8,,,,,,0,29,71,9,02t
2024-02-22 02:00:00,20.6,,,,,,0,29,72,317,02t
2024-02-22 03:00:00,15.9,,,,,,0,29,72,353,02t
2024-02-22 04:00:00,16.2,,,,,,0,29,72,26,02t
2024-02-22 05:00:00,18.6,,,,,,0,29,72,8,02t
2024-02-22 06:00:00,18.6,,,,,,0,29,72,20,02t
2024-02-22 07:00:00,19.1,,,,,,0,29,71,21,02t
2024-02-22 08:00:00,21.2,,,,,,0,30,71,340,02t
2024-02-22 09:00:00,19.7,,,,,,1,30,68,291,02t
2024-02-22 10:00:00,20.4,,,,,,1,32,65,288,02t
2024-02-22 11:00:00,21.9,,,,,,1,33,59,313,02t
2024-02-22 12:00:00,20.1,,,,,,1,34,52,316,02t
2024-02-22 13:00:00,19.5,,,,,,1,35,50,284,02t
2024-02-22 14:00:00,15.4,,,,,,1,34,51,278,02t
2024-02-22 15:00:00,22.0,,,,,,1,34,51,290,02t
2024-02-22 16:00:00,19.3,,,,,,1,34,51,294,02t
2024-02-22 17:00:00,23.7,,,,,,1,33,52,312,02t
2024-02-22 18:00:00,20.6,,,,,,0,32,56,32,02t
2024-02-22 19:00:00,20.7,,,,,,0,31,61,3,02t
2024-02-22 20:00:00,25.2,,,,,,0,30,65,8,02t
2024-02-22 21:00:00,21.0,,,,,,0,30,67,27,02t
2024-02-22 22:00:00,17.2,,,,,,0,30,69,50,02t
2024-02-22 23:00:00,14.3,,,,,,0,30,70,0,02t
2024-02-23 00:00:00,14.4,,,,,,0,29,71,350,02t
2024-02-23 01:00:00,15.3,,,,,,0,29,72,3,02t
2024-02-23 02:00:00,16.8,,,,,,0,29,72,10,02t
2024-02-23 03:00:00,17.7,,,,,,0,29,73,15,02t
2024-02-23 04:00:00,18.2,,,,,,0,29,73,26,02t
2024-02-23 05:00:00,19.2,,,,,,0,29,73,23,02t
2024-02-23 06:00:00,17.5,,,,,,0,29,73,2,02t
2024-02-23 07:00:00,24.2,,,,,,0,29,74,6,02t
2024-02-23 08:00:00,19.6,,,,,,0,29,73,5,02t
2024-02-23 09:00:00,16.3,,,,,,1,31,70,286,02t
2024-02-23 10:00:00,19.9,,,,,,1,32,62,283,02t
2024-02-23 11:00:00,23.3,,,,,,1,34,54,284,02t
2024-02-23 12:00:00,22.0,,,,,,1,35,50,280,02t
2024-02-23 13:00:00,19.9,,,,,,1,35,49,282,02t
2024-02-23 14:00:00,21.3,,,,,,2,35,47,274,02t
2024-02-23 15:00:00,15.0,,,,,,1,35,47,285,02t
2024-02-23 16:00:00,19.8,,,,,,1,34,47,275,02t
2024-02-23 17:00:00,24.2,,,,,,0,34,50,340,02t
2024-02-23 18:00:00,24.3,,,,,,0,33,56,349,02t
2024-02-23 19:00:00,24.3,,,,,,0,31,62,359,02t
2024-02-23 20:00:00,22.3,,,,,,0,31,64,8,02t
2024-02-23 21:00:00,23.2,,,,,,0,31,67,19,02t
2024-02-23 22:00:00,20.6,,,,,,0,30,69,341,02t
2024-02-23 23:00:00,20.7,,,,,,0,30,70,355,02t
2024-02-24 00:00:00,21.7,,,,,,0,30,70,25,02t
2024-02-24 01:00:00,27.2,,,,,,0,30,71,21,02t
2024-02-24 02:00:00,15.7,,,,,,0,30,71,11,02t
2024-02-24 03:00:00,17.6,,,,,,0,29,72,1,02t
2024-02-24 04:00:00,16.3,,,,,,0,29,72,334,02t
2024-02-24 05:00:00,20.5,,,,,,0,29,72,308,02t
2024-02-24 06:00:00,17.4,,,,,,0,29,73,299,02t
2024-02-24 07:00:00,21.8,,,,,,0,29,74,315,02t
2024-02-24 08:00:00,16.0,,,,,,0,30,73,346,02t
2024-02-24 09:00:00,17.1,,,,,,1,31,70,319,02t
2024-02-24 10:00:00,17.9,,,,,,0,32,64,331,02t
2024-02-24 11:00:00,24.0,,,,,,2,34,54,276,02t
2024-02-24 12:00:00,22.6,,,,,,1,35,51,282,02t
2024-02-24 13:00:00,23.6,,,,,,1,35,48,273,02t
2024-02-24 14:00:00,27.2,,,,,,1,35,47,275,02t
2024-02-24 15:00:00,24.2,,,,,,1,35,46,286,02t
2024-02-24 16:00:00,26.6,,,,,,1,34,46,289,02t
2024-02-24 17:00:00,26.9,,,,,,0,34,49,313,02t
2024-02-24 18:00:00,26.8,,,,,,0,33,53,325,02t
2024-02-24 19:00:00,30.5,,,,,,0,32,60,340,02t
2024-02-24 20:00:00,22.3,,,,,,0,31,64,30,02t
2024-02-24 21:00:00,19.9,,,,,,0,31,66,2,02t
2024-02-24 22:00:00,24.2,,,,,,0,30,68,351,02t
2024-02-24 23:00:00,24.7,,,,,,0,30,68,9,02t
2024-02-25 00:00:00,21.5,,,,,,0,30,69,28,02t
2024-02-25 01:00:00,17.1,,,,,,1,30,70,310,02t
2024-02-25 02:00:00,13.5,,,,,,1,30,70,327,02t
2024-02-25 03:00:00,14.6,,,,,,0,30,71,355,02t
2024-02-25 04:00:00,14.7,,,,,,0,29,72,321,02t
2024-02-25 05:00:00,18.3,,,,,,1,29,73,312,02t
2024-02-25 06:00:00,19.8,,,,,,1,29,73,308,02t
2024-02-25 07:00:00,22.1,,,,,,0,29,74,300,02t
2024-02-25 08:00:00,16.6,,,,,,1,30,74,303,02t
2024-02-25 09:00:00,15.6,,,,,,2,31,71,272,02t
2024-02-25 10:00:00,13.4,,,,,,1,32,65,275,02t
2024-02-25 11:00:00,20.9,,,,,,1,34,57,273,02t
2024-02-25 12:00:00,20.7,,,,,,0,35,51,335,02t
2024-02-25 13:00:00,23.5,,,,,,0,36,47,300,02t
2024-02-25 14:00:00,22.1,,,,,,0,36,47,313,02t
2024-02-25 15:00:00,21.5,,,,,,0,36,46,312,02t
2024-02-25 16:00:00,21.7,,,,,,0,35,46,359,02t
2024-02-25 17:00:00,15.4,,,,,,0,34,51,357,02t
2024-02-25 18:00:00,25.1,,,,,,0,33,56,322,02t
2024-02-25 19:00:00,22.3,,,,,,0,32,60,310,02t
2024-02-25 20:00:00,24.0,,,,,,0,31,62,331,02t
2024-02-25 21:00:00,25.6,,,,,,1,31,65,318,02t
2024-02-25 22:00:00,20.1,,,,,,1,31,68,7,02t
2024-02-25 23:00:00,18.1,,,,,,0,30,69,6,02t
2024-02-26 00:00:00,20.1,,,,,,0,30,70,22,02t
2024-02-26 01:00:00,19.2,,,,,,0,30,69,24,02t
2024-02-26 02:00:00,20.4,,,,,,0,30,70,15,02t
2024-02-26 03:00:00,25.1,,,,,,0,30,70,358,02t
2024-02-26 04:00:00,21.6,,,,,,0,29,70,352,02t
2024-02-26 05:00:00,20.8,,,,,,0,29,71,359,02t
2024-02-26 06:00:00,22.5,,,,,,0,29,71,28,02t
2024-02-26 07:00:00,27.7,,,,,,0,29,72,50,02t
2024-02-26 08:00:00,28.1,,,,,,0,30,72,29,02t
2024-02-26 09:00:00,24.5,,,,,,0,31,70,317,02t
2024-02-26 10:00:00,31.6,,,,,,1,32,66,301,02t
2024-02-26 11:00:00,35.7,,,,,,0,34,60,308,02t
2024-02-26 12:00:00,38.3,,,,,,0,35,54,317,02t
2024-02-26 13:00:00,40.6,,,,,,0,35,50,282,02t
2024-02-26 14:00:00,45.2,,,,,,0,36,48,316,02t
2024-02-26 15:00:00,45.1,,,,,,0,35,49,279,02t
2024-02-26 16:00:00,44.5,,,,,,1,35,50,276,02t
2024-02-26 17:00:00,43.2,,,,,,1,34,52,302,02t
2024-02-26 18:00:00,36.9,,,,,,1,33,58,275,02t
2024-02-26 19:00:00,33.0,,,,,,1,32,62,290,02t
2024-02-26 20:00:00,36.7,,,,,,0,31,64,341,02t
2024-02-26 21:00:00,31.7,,,,,,0,31,66,327,02t
2024-02-26 22:00:00,30.5,,,,,,1,31,67,360,02t
2024-02-26 23:00:00,32.9,,,,,,0,31,67,15,02t
2024-02-27 00:00:00,30.7,,,,,,1,30,68,12,02t
2024-02-27 01:00:00,28.8,,,,,,0,30,69,1,02t
2024-02-27 02:00:00,26.7,,,,,,0,30,70,356,02t
2024-02-27 03:00:00,25.0,,,,,,0,30,71,344,02t
2024-02-27 04:00:00,26.7,,,,,,0,30,72,321,02t
2024-02-27 05:00:00,29.4,,,,,,0,29,72,331,02t
2024-02-27 06:00:00,35.0,,,,,,0,29,73,322,02t
2024-02-27 07:00:00,32.2,,,,,,0,29,74,329,02t
2024-02-27 08:00:00,35.3,,,,,,0,30,73,315,02t
2024-02-27 09:00:00,36.6,,,,,,1,31,69,307,02t
2024-02-27 10:00:00,41.7,,,,,,0,32,63,335,02t
2024-02-27 11:00:00,40.0,,,,,,1,34,58,297,02t
2024-02-27 12:00:00,41.3,,,,,,1,35,54,300,02t
2024-02-27 13:00:00,41.2,,,,,,0,35,50,303,02t
2024-02-27 14:00:00,46.6,,,,,,0,35,49,290,02t
2024-02-27 15:00:00,49.4,,,,,,0,35,46,288,02t
2024-02-27 16:00:00,53.1,,,,,,0,35,46,77,02t
2024-02-27 17:00:00,52.5,,,,,,1,35,48,293,02t
2024-02-27 18:00:00,49.2,,,,,,0,33,53,312,02t
2024-02-27 19:00:00,46.1,,,,,,0,32,58,313,02t
2024-02-27 20:00:00,41.2,,,,,,1,32,62,301,02t
2024-02-27 21:00:00,41.7,,,,,,1,31,64,326,02t
2024-02-27 22:00:00,40.9,,,,,,0,31,63,1,02t
2024-02-27 23:00:00,39.8,,,,,,0,31,64,37,02t
2024-02-01 00:00:00,48.7,,,,,,0,27,0,0,03t
2024-02-01 01:00:00,50.1,,,,,,0,27,0,0,03t
2024-02-01 02:00:00,43.3,,,,,,0,26,0,0,03t
2024-02-01 03:00:00,46.3,,,,,,0,26,0,0,03t
2024-02-01 04:00:00,44.3,,,,,,0,26,0,0,03t
2024-02-01 05:00:00,43.3,,,,,,0,26,0,0,03t
2024-02-01 06:00:00,49.5,,,,,,0,26,0,0,03t
2024-02-01 07:00:00,53.2,,,,,,0,27,0,0,03t
2024-02-01 08:00:00,57.7,,,,,,0,0,0,0,03t
2024-02-01 09:00:00,48.9,,,,,,0,0,0,0,03t
2024-02-01 10:00:00,42.3,,,,,,0,31,0,0,03t
2024-02-01 11:00:00,40.9,,,,,,0,32,0,0,03t
2024-02-01 12:00:00,35.5,,,,,,0,33,0,0,03t
2024-02-01 13:00:00,30.8,,,,,,0,33,0,0,03t
2024-02-01 14:00:00,28.7,,,,,,0,32,0,0,03t
2024-02-01 15:00:00,32.9,,,,,,0,32,0,0,03t
2024-02-01 16:00:00,33.2,,,,,,0,32,0,0,03t
2024-02-01 17:00:00,30.9,,,,,,0,31,0,0,03t
2024-02-01 18:00:00,27.9,,,,,,0,29,0,0,03t
2024-02-01 19:00:00,26.1,,,,,,0,28,0,0,03t
2024-02-01 20:00:00,25.2,,,,,,0,28,0,0,03t
2024-02-01 21:00:00,30.5,,,,,,0,28,0,0,03t
2024-02-01 22:00:00,28.1,,,,,,0,28,0,0,03t
2024-02-01 23:00:00,24.9,,,,,,0,27,0,0,03t
2024-02-02 00:00:00,27.9,,,,,,0,27,0,0,03t
2024-02-02 01:00:00,25.1,,,,,,0,27,0,0,03t
2024-02-02 02:00:00,21.1,,,,,,0,27,0,0,03t
2024-02-02 03:00:00,20.7,,,,,,0,26,0,0,03t
2024-02-02 04:00:00,22.6,,,,,,0,26,0,0,03t
2024-02-02 05:00:00,24.3,,,,,,0,27,0,0,03t
2024-02-02 06:00:00,30.3,,,,,,0,27,0,0,03t
2024-02-02 07:00:00,28.8,,,,,,0,28,0,0,03t
2024-02-02 08:00:00,35.7,,,,,,0,29,0,0,03t
2024-02-02 09:00:00,34.4,,,,,,0,30,0,0,03t
2024-02-02 10:00:00,36.7,,,,,,0,32,0,0,03t
2024-02-02 11:00:00,35.9,,,,,,0,32,0,0,03t
2024-02-02 12:00:00,33.8,,,,,,0,32,0,0,03t
2024-02-02 13:00:00,30.3,,,,,,0,33,0,0,03t
2024-02-02 14:00:00,28.2,,,,,,0,32,0,0,03t
2024-02-02 15:00:00,33.7,,,,,,0,32,0,0,03t
2024-02-02 16:00:00,37.1,,,,,,0,32,0,0,03t
2024-02-02 17:00:00,39.7,,,,,,0,32,0,0,03t
2024-02-02 18:00:00,35.8,,,,,,0,30,0,0,03t
2024-02-02 19:00:00,30.2,,,,,,0,29,0,0,03t
2024-02-02 20:00:00,28.8,,,,,,0,29,0,0,03t
2024-02-02 21:00:00,34.4,,,,,,0,28,0,0,03t
2024-02-02 22:00:00,29.1,,,,,,0,28,0,0,03t
2024-02-02 23:00:00,27.8,,,,,,0,28,0,0,03t
2024-02-03 00:00:00,23.5,,,,,,0,28,0,0,03t
2024-02-03 01:00:00,21.6,,,,,,0,27,0,0,03t
2024-02-03 02:00:00,24.6,,,,,,0,27,0,0,03t
2024-02-03 03:00:00,26.1,,,,,,0,27,0,0,03t
2024-02-03 04:00:00,25.2,,,,,,0,27,0,0,03t
2024-02-03 05:00:00,27.3,,,,,,0,27,0,0,03t
2024-02-03 06:00:00,34.8,,,,,,0,27,0,0,03t
2024-02-03 07:00:00,38.7,,,,,,0,28,0,0,03t
2024-02-03 08:00:00,40.3,,,,,,0,29,0,0,03t
2024-02-03 09:00:00,42.8,,,,,,0,31,0,0,03t
2024-02-03 10:00:00,38.1,,,,,,0,31,0,0,03t
2024-02-03 11:00:00,36.4,,,,,,0,32,0,0,03t
2024-02-03 12:00:00,34.1,,,,,,0,33,0,0,03t
2024-02-03 13:00:00,32.9,,,,,,0,32,0,0,03t
2024-02-03 14:00:00,30.6,,,,,,0,32,0,0,03t
2024-02-03 15:00:00,31.8,,,,,,0,32,0,0,03t
2024-02-03 16:00:00,36.8,,,,,,0,32,0,0,03t
2024-02-03 17:00:00,34.3,,,,,,0,31,0,0,03t
2024-02-03 18:00:00,36.3,,,,,,0,30,0,0,03t
2024-02-03 19:00:00,32.7,,,,,,0,29,0,0,03t
2024-02-03 20:00:00,34.2,,,,,,0,29,0,0,03t
2024-02-03 21:00:00,36.6,,,,,,0,28,0,0,03t
2024-02-03 22:00:00,30.8,,,,,,0,28,0,0,03t
2024-02-03 23:00:00,27.4,,,,,,0,28,0,0,03t
2024-02-04 00:00:00,25.4,,,,,,0,28,0,0,03t
2024-02-04 01:00:00,25.5,,,,,,0,27,0,0,03t
2024-02-04 02:00:00,23.4,,,,,,0,27,0,0,03t
2024-02-04 03:00:00,23.5,,,,,,0,27,0,0,03t
2024-02-04 04:00:00,25.9,,,,,,0,27,0,0,03t
2024-02-04 05:00:00,27.4,,,,,,0,27,0,0,03t
2024-02-04 06:00:00,29.9,,,,,,0,27,0,0,03t
2024-02-04 07:00:00,31.9,,,,,,0,28,0,0,03t
2024-02-04 08:00:00,37.4,,,,,,0,29,0,0,03t
2024-02-04 09:00:00,34.8,,,,,,0,31,0,0,03t
2024-02-04 10:00:00,35.2,,,,,,0,33,0,0,03t
2024-02-04 11:00:00,34.8,,,,,,0,32,0,0,03t
2024-02-04 12:00:00,36.6,,,,,,0,33,0,0,03t
2024-02-04 13:00:00,34.8,,,,,,0,33,0,0,03t
2024-02-04 14:00:00,33.3,,,,,,0,32,0,0,03t
2024-02-04 15:00:00,29.2,,,,,,0,32,0,0,03t
2024-02-04 16:00:00,31.3,,,,,,0,33,0,0,03t
2024-02-04 17:00:00,32.7,,,,,,0,32,0,0,03t
2024-02-04 18:00:00,34.3,,,,,,0,30,0,0,03t
2024-02-04 19:00:00,32.3,,,,,,0,29,0,0,03t
2024-02-04 20:00:00,36.8,,,,,,0,29,0,0,03t
2024-02-04 21:00:00,33.9,,,,,,0,29,0,0,03t
2024-02-04 22:00:00,32.6,,,,,,0,28,0,0,03t
2024-02-04 23:00:00,30.7,,,,,,0,28,0,0,03t
2024-02-05 00:00:00,31.8,,,,,,0,28,0,0,03t
2024-02-05 01:00:00,27.0,,,,,,0,27,0,0,03t
2024-02-05 02:00:00,29.3,,,,,,0,27,0,0,03t
2024-02-05 03:00:00,28.4,,,,,,0,26,0,0,03t
2024-02-05 04:00:00,33.2,,,,,,0,26,0,0,03t
2024-02-05 05:00:00,37.5,,,,,,0,26,0,0,03t
2024-02-05 06:00:00,42.6,,,,,,0,26,0,0,03t
2024-02-05 07:00:00,40.6,,,,,,0,27,0,0,03t
2024-02-05 08:00:00,50.5,,,,,,0,29,0,0,03t
2024-02-05 09:00:00,39.2,,,,,,0,30,0,0,03t
2024-02-05 10:00:00,42.0,,,,,,0,32,0,0,03t
2024-02-05 11:00:00,50.9,,,,,,0,33,0,0,03t
2024-02-05 12:00:00,45.7,,,,,,0,34,0,0,03t
2024-02-05 13:00:00,46.7,,,,,,0,33,0,0,03t
2024-02-05 14:00:00,45.4,,,,,,0,32,0,0,03t
2024-02-05 15:00:00,41.6,,,,,,0,33,0,0,03t
2024-02-05 16:00:00,42.3,,,,,,0,33,0,0,03t
2024-02-05 17:00:00,44.5,,,,,,0,33,0,0,03t
2024-02-05 18:00:00,51.1,,,,,,0,30,0,0,03t
2024-02-05 19:00:00,40.3,,,,,,0,29,0,0,03t
2024-02-05 20:00:00,38.3,,,,,,0,29,0,0,03t
2024-02-05 21:00:00,43.4,,,,,,0,29,0,0,03t
2024-02-05 22:00:00,39.5,,,,,,0,28,0,0,03t
2024-02-05 23:00:00,33.2,,,,,,0,28,0,0,03t
2024-02-06 00:00:00,29.3,,,,,,0,28,0,0,03t
2024-02-06 01:00:00,27.4,,,,,,0,27,0,0,03t
2024-02-06 02:00:00,28.1,,,,,,0,27,0,0,03t
2024-02-06 03:00:00,32.6,,,,,,0,26,0,0,03t
2024-02-06 04:00:00,30.9,,,,,,0,26,0,0,03t
2024-02-06 05:00:00,29.5,,,,,,0,26,0,0,03t
2024-02-06 06:00:00,36.1,,,,,,0,26,0,0,03t
2024-02-06 07:00:00,41.9,,,,,,0,27,0,0,03t
2024-02-06 08:00:00,45.5,,,,,,0,30,0,0,03t
2024-02-06 09:00:00,37.8,,,,,,0,31,0,0,03t
2024-02-06 10:00:00,39.4,,,,,,0,32,0,0,03t
2024-02-06 11:00:00,37.2,,,,,,0,33,0,0,03t
2024-02-06 12:00:00,43.9,,,,,,0,33,0,0,03t
2024-02-06 13:00:00,39.1,,,,,,0,33,0,0,03t
2024-02-06 14:00:00,37.9,,,,,,0,32,0,0,03t
2024-02-06 15:00:00,36.9,,,,,,0,32,0,0,03t
2024-02-06 16:00:00,38.4,,,,,,0,33,0,0,03t
2024-02-06 17:00:00,43.7,,,,,,0,32,0,0,03t
2024-02-06 18:00:00,40.1,,,,,,0,30,0,0,03t
2024-02-06 19:00:00,45.8,,,,,,0,29,0,0,03t
2024-02-06 20:00:00,46.8,,,,,,0,29,0,0,03t
2024-02-06 21:00:00,35.2,,,,,,0,28,0,0,03t
2024-02-06 22:00:00,30.3,,,,,,0,28,0,0,03t
2024-02-06 23:00:00,32.3,,,,,,0,28,0,0,03t
2024-02-07 00:00:00,30.3,,,,,,0,28,0,0,03t
2024-02-07 01:00:00,28.9,,,,,,0,27,0,0,03t
2024-02-07 02:00:00,27.1,,,,,,0,27,0,0,03t
2024-02-07 03:00:00,27.6,,,,,,0,27,0,0,03t
2024-02-07 04:00:00,30.1,,,,,,0,27,0,0,03t
2024-02-07 05:00:00,30.8,,,,,,0,27,0,0,03t
2024-02-07 06:00:00,37.3,,,,,,0,27,0,0,03t
2024-02-07 07:00:00,42.1,,,,,,0,28,0,0,03t
2024-02-07 08:00:00,45.6,,,,,,0,30,0,0,03t
2024-02-07 09:00:00,40.6,,,,,,0,31,0,0,03t
2024-02-07 10:00:00,35.1,,,,,,0,32,0,0,03t
2024-02-07 11:00:00,32.9,,,,,,0,33,0,0,03t
2024-02-07 12:00:00,34.2,,,,,,0,33,0,0,03t
2024-02-07 13:00:00,31.5,,,,,,0,33,0,0,03t
2024-02-07 14:00:00,30.7,,,,,,0,32,0,0,03t
2024-02-07 15:00:00,33.1,,,,,,0,32,0,0,03t
2024-02-07 16:00:00,30.6,,,,,,0,32,0,0,03t
2024-02-07 17:00:00,29.4,,,,,,0,32,0,0,03t
2024-02-07 18:00:00,32.1,,,,,,0,30,0,0,03t
2024-02-07 19:00:00,34.6,,,,,,0,29,0,0,03t
2024-02-07 20:00:00,35.7,,,,,,0,29,0,0,03t
2024-02-07 21:00:00,33.7,,,,,,0,28,0,0,03t
2024-02-07 22:00:00,34.7,,,,,,0,28,0,0,03t
2024-02-07 23:00:00,28.2,,,,,,0,28,0,0,03t
2024-02-08 00:00:00,32.5,,,,,,0,27,0,0,03t
2024-02-08 01:00:00,29.9,,,,,,0,27,0,0,03t
2024-02-08 02:00:00,27.9,,,,,,0,27,0,0,03t
2024-02-08 03:00:00,29.4,,,,,,0,27,0,0,03t
2024-02-08 04:00:00,28.6,,,,,,0,27,0,0,03t
2024-02-08 05:00:00,32.6,,,,,,0,27,0,0,03t
2024-02-08 06:00:00,33.7,,,,,,0,27,0,0,03t
2024-02-08 07:00:00,35.7,,,,,,0,28,0,0,03t
2024-02-08 08:00:00,37.1,,,,,,0,30,0,0,03t
2024-02-08 09:00:00,33.9,,,,,,0,31,0,0,03t
2024-02-08 10:00:00,35.6,,,,,,0,32,0,0,03t
2024-02-08 11:00:00,33.8,,,,,,0,32,0,0,03t
2024-02-08 12:00:00,36.3,,,,,,0,33,0,0,03t
2024-02-08 13:00:00,31.6,,,,,,0,33,0,0,03t
2024-02-08 14:00:00,30.2,,,,,,0,32,0,0,03t
2024-02-08 15:00:00,40.0,,,,,,0,32,0,0,03t
2024-02-08 16:00:00,35.6,,,,,,0,32,0,0,03t
2024-02-08 17:00:00,38.7,,,,,,0,32,0,0,03t
2024-02-08 18:00:00,35.6,,,,,,0,30,0,0,03t
2024-02-08 19:00:00,33.6,,,,,,0,29,0,0,03t
2024-02-08 20:00:00,30.8,,,,,,0,29,0,0,03t
2024-02-08 21:00:00,32.5,,,,,,0,28,0,0,03t
2024-02-08 22:00:00,28.4,,,,,,0,28,0,0,03t
2024-02-08 23:00:00,26.3,,,,,,0,28,0,0,03t
2024-02-09 00:00:00,20.9,,,,,,0,27,0,0,03t
2024-02-09 01:00:00,21.4,,,,,,0,27,0,0,03t
2024-02-09 02:00:00,20.2,,,,,,0,27,0,0,03t
2024-02-09 03:00:00,19.4,,,,,,0,27,0,0,03t
2024-02-09 04:00:00,23.4,,,,,,0,27,0,0,03t
2024-02-09 05:00:00,25.2,,,,,,0,27,0,0,03t
2024-02-09 06:00:00,31.8,,,,,,0,27,0,0,03t
2024-02-09 07:00:00,35.3,,,,,,0,28,0,0,03t
2024-02-09 08:00:00,34.4,,,,,,0,30,0,0,03t
2024-02-09 09:00:00,35.6,,,,,,0,31,0,0,03t
2024-02-09 10:00:00,37.8,,,,,,0,32,0,0,03t
2024-02-09 11:00:00,35.3,,,,,,0,33,0,0,03t
2024-02-09 12:00:00,27.9,,,,,,0,33,0,0,03t
2024-02-09 13:00:00,26.2,,,,,,0,33,0,0,03t
2024-02-09 14:00:00,24.6,,,,,,0,32,0,0,03t
2024-02-09 15:00:00,29.4,,,,,,0,32,0,0,03t
2024-02-09 16:00:00,27.7,,,,,,0,32,0,0,03t
2024-02-09 17:00:00,26.8,,,,,,0,32,0,0,03t
2024-02-09 18:00:00,25.5,,,,,,0,30,0,0,03t
2024-02-09 19:00:00,25.3,,,,,,0,29,0,0,03t
2024-02-09 20:00:00,26.4,,,,,,0,29,0,0,03t
2024-02-09 21:00:00,21.6,,,,,,0,29,0,0,03t
2024-02-09 22:00:00,22.1,,,,,,0,28,0,0,03t
2024-02-09 23:00:00,25.8,,,,,,0,28,0,0,03t
2024-02-10 00:00:00,26.9,,,,,,0,28,0,0,03t
2024-02-10 01:00:00,21.9,,,,,,0,28,0,0,03t
2024-02-10 02:00:00,20.8,,,,,,0,28,0,0,03t
2024-02-10 03:00:00,21.1,,,,,,0,28,0,0,03t
2024-02-10 04:00:00,23.6,,,,,,0,28,0,0,03t
2024-02-10 05:00:00,27.2,,,,,,0,28,0,0,03t
2024-02-10 06:00:00,30.1,,,,,,0,28,0,0,03t
2024-02-10 07:00:00,38.8,,,,,,0,28,0,0,03t
2024-02-10 08:00:00,36.8,,,,,,0,29,0,0,03t
2024-02-10 09:00:00,40.6,,,,,,0,31,0,0,03t
2024-02-10 10:00:00,38.6,,,,,,0,31,0,0,03t
2024-02-10 11:00:00,35.6,,,,,,0,30,0,0,03t
2024-02-10 12:00:00,29.8,,,,,,0,32,0,0,03t
2024-02-10 13:00:00,28.5,,,,,,0,29,0,0,03t
2024-02-10 14:00:00,35.7,,,,,,0,29,0,0,03t
2024-02-10 15:00:00,40.7,,,,,,0,30,0,0,03t
2024-02-10 16:00:00,41.9,,,,,,0,30,0,0,03t
2024-02-10 17:00:00,49.3,,,,,,0,30,0,0,03t
2024-02-10 18:00:00,56.2,,,,,,0,29,0,0,03t
2024-02-10 19:00:00,57.5,,,,,,0,28,0,0,03t
2024-02-10 20:00:00,60.6,,,,,,0,28,0,0,03t
2024-02-10 21:00:00,57.4,,,,,,0,28,0,0,03t
2024-02-10 22:00:00,55.2,,,,,,0,27,0,0,03t
2024-02-10 23:00:00,47.1,,,,,,0,27,0,0,03t
2024-02-11 00:00:00,43.8,,,,,,0,27,0,0,03t
2024-02-11 01:00:00,38.7,,,,,,0,26,0,0,03t
2024-02-11 02:00:00,41.4,,,,,,0,26,0,0,03t
2024-02-11 03:00:00,39.4,,,,,,0,25,0,0,03t
2024-02-11 04:00:00,35.4,,,,,,0,25,0,0,03t
2024-02-11 05:00:00,36.3,,,,,,0,24,0,0,03t
2024-02-11 06:00:00,39.4,,,,,,0,24,0,0,03t
2024-02-11 07:00:00,36.6,,,,,,0,24,0,0,03t
2024-02-11 08:00:00,38.3,,,,,,0,25,0,0,03t
2024-02-11 09:00:00,39.6,,,,,,0,26,0,0,03t
2024-02-11 10:00:00,37.2,,,,,,0,28,0,0,03t
2024-02-11 11:00:00,33.5,,,,,,0,29,0,0,03t
2024-02-11 12:00:00,36.3,,,,,,0,30,0,0,03t
2024-02-11 13:00:00,39.2,,,,,,0,30,0,0,03t
2024-02-11 14:00:00,44.2,,,,,,0,30,0,0,03t
2024-02-11 15:00:00,42.4,,,,,,0,31,0,0,03t
2024-02-11 16:00:00,43.8,,,,,,0,30,0,0,03t
2024-02-11 17:00:00,43.6,,,,,,0,29,0,0,03t
2024-02-11 18:00:00,45.8,,,,,,0,27,0,0,03t
2024-02-11 19:00:00,46.9,,,,,,0,27,0,0,03t
2024-02-11 20:00:00,48.4,,,,,,0,26,0,0,03t
2024-02-11 21:00:00,52.2,,,,,,0,26,0,0,03t
2024-02-11 22:00:00,55.7,,,,,,0,26,0,0,03t
2024-02-11 23:00:00,52.3,,,,,,0,25,0,0,03t
2024-02-12 00:00:00,53.3,,,,,,0,25,0,0,03t
2024-02-12 01:00:00,57.9,,,,,,0,25,0,0,03t
2024-02-12 02:00:00,60.4,,,,,,0,25,0,0,03t
2024-02-12 03:00:00,61.9,,,,,,0,24,0,0,03t
2024-02-12 04:00:00,65.4,,,,,,0,24,0,0,03t
2024-02-12 05:00:00,63.2,,,,,,0,23,0,0,03t
2024-02-12 06:00:00,60.8,,,,,,0,23,0,0,03t
2024-02-12 07:00:00,65.3,,,,,,0,23,0,0,03t
2024-02-12 08:00:00,62.9,,,,,,0,25,0,0,03t
2024-02-12 09:00:00,50.4,,,,,,0,26,0,0,03t
2024-02-12 10:00:00,43.7,,,,,,0,28,0,0,03t
2024-02-12 11:00:00,41.8,,,,,,0,29,0,0,03t
2024-02-12 12:00:00,39.7,,,,,,0,30,0,0,03t
2024-02-12 13:00:00,42.6,,,,,,0,31,0,0,03t
2024-02-12 14:00:00,48.8,,,,,,0,31,0,0,03t
2024-02-12 15:00:00,56.4,,,,,,0,31,0,0,03t
2024-02-12 16:00:00,54.4,,,,,,0,30,0,0,03t
2024-02-12 17:00:00,50.5,,,,,,0,29,0,0,03t
2024-02-12 18:00:00,55.4,,,,,,0,28,0,0,03t
2024-02-12 19:00:00,53.6,,,,,,0,27,0,0,03t
2024-02-12 20:00:00,55.1,,,,,,0,27,0,0,03t
2024-02-12 21:00:00,61.8,,,,,,0,26,0,0,03t
2024-02-12 22:00:00,63.6,,,,,,0,26,0,0,03t
2024-02-12 23:00:00,78.3,,,,,,0,25,0,0,03t
2024-02-13 00:00:00,82.2,,,,,,0,25,0,0,03t
2024-02-13 01:00:00,77.2,,,,,,0,25,0,0,03t
2024-02-13 02:00:00,71.3,,,,,,0,24,0,0,03t
2024-02-13 03:00:00,69.3,,,,,,0,24,0,0,03t
2024-02-13 04:00:00,77.1,,,,,,0,24,0,0,03t
2024-02-13 05:00:00,70.8,,,,,,0,23,0,0,03t
2024-02-13 06:00:00,87.1,,,,,,0,23,0,0,03t
2024-02-13 07:00:00,85.6,,,,,,0,23,0,0,03t
2024-02-13 08:00:00,86.9,,,,,,0,25,0,0,03t
2024-02-13 09:00:00,73.2,,,,,,0,28,0,0,03t
2024-02-13 10:00:00,44.4,,,,,,0,30,0,0,03t
2024-02-13 11:00:00,39.8,,,,,,0,30,0,0,03t
2024-02-13 12:00:00,43.3,,,,,,0,31,0,0,03t
2024-02-13 13:00:00,39.7,,,,,,0,33,0,0,03t
2024-02-13 14:00:00,45.7,,,,,,0,33,0,0,03t
2024-02-13 15:00:00,47.4,,,,,,0,33,0,0,03t
2024-02-13 16:00:00,48.6,,,,,,0,33,0,0,03t
2024-02-13 17:00:00,52.6,,,,,,0,33,0,0,03t
2024-02-13 18:00:00,55.3,,,,,,0,31,0,0,03t
2024-02-13 19:00:00,59.2,,,,,,0,29,0,0,03t
2024-02-13 20:00:00,70.3,,,,,,0,28,0,0,03t
2024-02-13 21:00:00,76.1,,,,,,0,28,0,0,03t
2024-02-13 22:00:00,80.8,,,,,,0,28,0,0,03t
2024-02-13 23:00:00,79.6,,,,,,0,27,0,0,03t
2024-02-14 00:00:00,75.8,,,,,,0,27,0,0,03t
2024-02-14 01:00:00,76.8,,,,,,0,27,0,0,03t
2024-02-14 02:00:00,83.3,,,,,,0,26,0,0,03t
2024-02-14 03:00:00,93.6,,,,,,0,25,0,0,03t
2024-02-14 04:00:00,90.3,,,,,,0,25,0,0,03t
2024-02-14 05:00:00,95.7,,,,,,0,25,0,0,03t
2024-02-14 06:00:00,93.2,,,,,,0,24,0,0,03t
2024-02-14 07:00:00,94.1,,,,,,0,24,0,0,03t
2024-02-14 08:00:00,90.6,,,,,,0,26,0,0,03t
2024-02-14 09:00:00,95.9,,,,,,0,29,0,0,03t
2024-02-14 10:00:00,82.6,,,,,,0,32,0,0,03t
2024-02-14 11:00:00,72.2,,,,,,0,34,0,0,03t
2024-02-14 12:00:00,57.9,,,,,,0,35,0,0,03t
2024-02-14 13:00:00,60.2,,,,,,0,35,0,0,03t
2024-02-14 14:00:00,62.3,,,,,,0,34,0,0,03t
2024-02-14 15:00:00,65.9,,,,,,0,34,0,0,03t
2024-02-14 16:00:00,67.8,,,,,,0,34,0,0,03t
2024-02-14 17:00:00,68.5,,,,,,0,34,0,0,03t
2024-02-14 18:00:00,73.2,,,,,,0,32,0,0,03t
2024-02-14 19:00:00,75.2,,,,,,0,31,0,0,03t
2024-02-14 20:00:00,73.5,,,,,,0,30,0,0,03t
2024-02-14 21:00:00,81.1,,,,,,0,29,0,0,03t
2024-02-14 22:00:00,84.2,,,,,,0,29,0,0,03t
2024-02-14 23:00:00,82.2,,,,,,0,28,0,0,03t
2024-02-15 00:00:00,74.0,,,,,,0,28,0,0,03t
2024-02-15 01:00:00,64.7,,,,,,0,27,0,0,03t
2024-02-15 02:00:00,65.1,,,,,,0,27,0,0,03t
2024-02-15 03:00:00,68.2,,,,,,0,27,0,0,03t
2024-02-15 04:00:00,67.3,,,,,,0,27,0,0,03t
2024-02-15 05:00:00,73.1,,,,,,0,26,0,0,03t
2024-02-15 06:00:00,79.6,,,,,,0,26,0,0,03t
2024-02-15 07:00:00,88.6,,,,,,0,27,0,0,03t
2024-02-15 08:00:00,80.7,,,,,,0,29,0,0,03t
2024-02-15 09:00:00,75.5,,,,,,0,31,0,0,03t
2024-02-15 10:00:00,59.6,,,,,,0,32,0,0,03t
2024-02-15 11:00:00,58.1,,,,,,0,33,0,0,03t
2024-02-15 12:00:00,53.2,,,,,,0,34,0,0,03t
2024-02-15 13:00:00,56.3,,,,,,0,34,0,0,03t
2024-02-15 14:00:00,57.3,,,,,,0,34,0,0,03t
2024-02-15 15:00:00,65.6,,,,,,0,34,0,0,03t
2024-02-15 16:00:00,58.7,,,,,,0,34,0,0,03t
2024-02-15 17:00:00,56.1,,,,,,0,33,0,0,03t
2024-02-15 18:00:00,49.8,,,,,,0,31,0,0,03t
2024-02-15 19:00:00,39.3,,,,,,0,30,0,0,03t
2024-02-15 20:00:00,37.5,,,,,,0,29,0,0,03t
2024-02-15 21:00:00,34.9,,,,,,0,29,0,0,03t
2024-02-15 22:00:00,27.9,,,,,,0,29,0,0,03t
2024-02-15 23:00:00,35.3,,,,,,0,28,0,0,03t
2024-02-16 00:00:00,30.3,,,,,,0,28,0,0,03t
2024-02-16 01:00:00,26.6,,,,,,0,28,0,0,03t
2024-02-16 02:00:00,28.2,,,,,,0,28,0,0,03t
2024-02-16 03:00:00,20.9,,,,,,0,28,0,0,03t
2024-02-16 04:00:00,23.3,,,,,,0,28,0,0,03t
2024-02-16 05:00:00,30.8,,,,,,0,28,0,0,03t
2024-02-16 06:00:00,35.6,,,,,,0,28,0,0,03t
2024-02-16 07:00:00,37.2,,,,,,0,29,0,0,03t
2024-02-16 08:00:00,36.7,,,,,,0,30,0,0,03t
2024-02-16 09:00:00,40.5,,,,,,0,31,0,0,03t
2024-02-16 10:00:00,42.6,,,,,,0,32,0,0,03t
2024-02-16 11:00:00,39.9,,,,,,0,33,0,0,03t
2024-02-16 12:00:00,38.7,,,,,,0,34,0,0,03t
2024-02-16 13:00:00,37.2,,,,,,0,33,0,0,03t
2024-02-16 14:00:00,45.7,,,,,,0,33,0,0,03t
2024-02-16 15:00:00,35.6,,,,,,0,33,0,0,03t
2024-02-16 16:00:00,38.2,,,,,,0,33,0,0,03t
2024-02-16 17:00:00,40.1,,,,,,0,32,0,0,03t
2024-02-16 18:00:00,38.7,,,,,,0,30,0,0,03t
2024-02-16 19:00:00,30.7,,,,,,0,30,0,0,03t
2024-02-16 20:00:00,28.3,,,,,,0,29,0,0,03t
2024-02-16 21:00:00,26.5,,,,,,0,29,0,0,03t
2024-02-16 22:00:00,30.1,,,,,,0,29,0,0,03t
2024-02-16 23:00:00,31.4,,,,,,0,29,0,0,03t
2024-02-17 00:00:00,25.1,,,,,,0,28,0,0,03t
2024-02-17 01:00:00,28.2,,,,,,0,28,0,0,03t
2024-02-17 02:00:00,25.4,,,,,,0,28,0,0,03t
2024-02-17 03:00:00,22.5,,,,,,0,28,0,0,03t
2024-02-17 04:00:00,23.7,,,,,,0,28,0,0,03t
2024-02-17 05:00:00,23.1,,,,,,0,28,0,0,03t
2024-02-17 06:00:00,26.1,,,,,,0,28,0,0,03t
2024-02-17 07:00:00,24.1,,,,,,0,28,0,0,03t
2024-02-17 08:00:00,28.4,,,,,,0,27,0,0,03t
2024-02-17 09:00:00,27.9,,,,,,0,23,0,0,03t
2024-02-17 10:00:00,36.9,,,,,,0,23,0,0,03t
2024-02-17 11:00:00,39.9,,,,,,0,24,0,0,03t
2024-02-17 12:00:00,42.6,,,,,,0,28,0,0,03t
2024-02-17 13:00:00,35.1,,,,,,0,31,0,0,03t
2024-02-17 14:00:00,32.6,,,,,,0,30,0,0,03t
2024-02-17 15:00:00,30.0,,,,,,0,30,0,0,03t
2024-02-17 16:00:00,29.2,,,,,,0,31,0,0,03t
2024-02-17 17:00:00,32.1,,,,,,0,30,0,0,03t
2024-02-17 18:00:00,30.3,,,,,,0,28,0,0,03t
2024-02-17 19:00:00,29.2,,,,,,0,28,0,0,03t
2024-02-17 20:00:00,26.9,,,,,,0,28,0,0,03t
2024-02-17 21:00:00,23.3,,,,,,0,28,0,0,03t
2024-02-17 22:00:00,25.3,,,,,,0,28,0,0,03t
2024-02-17 23:00:00,20.4,,,,,,0,27,0,0,03t
2024-02-18 00:00:00,22.6,,,,,,0,27,0,0,03t
2024-02-18 01:00:00,19.4,,,,,,0,27,0,0,03t
2024-02-18 02:00:00,21.4,,,,,,0,27,0,0,03t
2024-02-18 03:00:00,19.3,,,,,,0,27,0,0,03t
2024-02-18 04:00:00,18.8,,,,,,0,26,0,0,03t
2024-02-18 05:00:00,20.9,,,,,,0,26,0,0,03t
2024-02-18 06:00:00,26.9,,,,,,0,26,0,0,03t
2024-02-18 07:00:00,26.4,,,,,,0,27,0,0,03t
2024-02-18 08:00:00,30.4,,,,,,0,29,0,0,03t
2024-02-18 09:00:00,27.7,,,,,,0,29,0,0,03t
2024-02-18 10:00:00,29.8,,,,,,0,30,0,0,03t
2024-02-18 11:00:00,26.3,,,,,,0,31,0,0,03t
2024-02-18 12:00:00,24.3,,,,,,0,31,0,0,03t
2024-02-18 13:00:00,25.2,,,,,,0,32,0,0,03t
2024-02-18 14:00:00,23.4,,,,,,0,31,0,0,03t
2024-02-18 15:00:00,24.2,,,,,,0,31,0,0,03t
2024-02-18 16:00:00,25.5,,,,,,0,31,0,0,03t
2024-02-18 17:00:00,24.5,,,,,,0,31,0,0,03t
2024-02-18 18:00:00,27.6,,,,,,0,29,0,0,03t
2024-02-18 19:00:00,25.2,,,,,,0,28,0,0,03t
2024-02-18 20:00:00,26.7,,,,,,0,28,0,0,03t
2024-02-18 21:00:00,28.5,,,,,,0,28,0,0,03t
2024-02-18 22:00:00,27.7,,,,,,0,27,0,0,03t
2024-02-18 23:00:00,23.2,,,,,,0,27,0,0,03t
2024-02-19 00:00:00,20.5,,,,,,0,27,0,0,03t
2024-02-19 01:00:00,18.2,,,,,,0,26,0,0,03t
2024-02-19 02:00:00,19.3,,,,,,0,26,0,0,03t
2024-02-19 03:00:00,21.6,,,,,,0,26,0,0,03t
2024-02-19 04:00:00,18.7,,,,,,0,26,0,0,03t
2024-02-19 05:00:00,24.3,,,,,,0,26,0,0,03t
2024-02-19 06:00:00,27.3,,,,,,0,26,0,0,03t
2024-02-19 07:00:00,31.6,,,,,,0,27,0,0,03t
2024-02-19 08:00:00,34.9,,,,,,0,29,0,0,03t
2024-02-19 09:00:00,31.2,,,,,,0,30,0,0,03t
2024-02-19 10:00:00,27.8,,,,,,0,31,0,0,03t
2024-02-19 11:00:00,25.3,,,,,,0,32,0,0,03t
2024-02-19 12:00:00,23.1,,,,,,0,32,0,0,03t
2024-02-19 13:00:00,22.5,,,,,,0,32,0,0,03t
2024-02-19 14:00:00,20.6,,,,,,0,32,0,0,03t
2024-02-19 15:00:00,18.8,,,,,,0,31,0,0,03t
2024-02-19 16:00:00,20.9,,,,,,0,31,0,0,03t
2024-02-19 17:00:00,18.5,,,,,,0,31,0,0,03t
2024-02-19 18:00:00,20.9,,,,,,0,29,0,0,03t
2024-02-19 19:00:00,20.3,,,,,,0,28,0,0,03t
2024-02-19 20:00:00,21.7,,,,,,0,28,0,0,03t
2024-02-19 21:00:00,22.8,,,,,,0,28,0,0,03t
2024-02-19 22:00:00,16.6,,,,,,0,28,0,0,03t
2024-02-19 23:00:00,15.4,,,,,,0,28,0,0,03t
2024-02-20 00:00:00,16.8,,,,,,0,27,0,0,03t
2024-02-20 01:00:00,13.4,,,,,,0,27,0,0,03t
2024-02-20 02:00:00,12.8,,,,,,0,27,0,0,03t
2024-02-20 03:00:00,13.8,,,,,,0,27,0,0,03t
2024-02-20 04:00:00,17.6,,,,,,0,27,0,0,03t
2024-02-20 05:00:00,20.6,,,,,,0,27,0,0,03t
2024-02-20 06:00:00,20.9,,,,,,0,27,0,0,03t
2024-02-20 07:00:00,23.5,,,,,,0,28,0,0,03t
2024-02-20 08:00:00,25.1,,,,,,0,30,0,0,03t
2024-02-20 09:00:00,25.9,,,,,,0,31,0,0,03t
2024-02-20 10:00:00,23.2,,,,,,0,32,0,0,03t
2024-02-20 11:00:00,21.6,,,,,,0,33,0,0,03t
2024-02-20 12:00:00,24.9,,,,,,0,33,0,0,03t
2024-02-20 13:00:00,22.7,,,,,,0,33,0,0,03t
2024-02-20 14:00:00,25.2,,,,,,0,32,0,0,03t
2024-02-20 15:00:00,20.7,,,,,,0,31,0,0,03t
2024-02-20 16:00:00,16.5,,,,,,0,31,0,0,03t
2024-02-20 17:00:00,16.7,,,,,,0,31,0,0,03t
2024-02-20 18:00:00,18.3,,,,,,0,29,0,0,03t
2024-02-20 19:00:00,21.7,,,,,,0,29,0,0,03t
2024-02-20 20:00:00,19.8,,,,,,0,29,0,0,03t
2024-02-20 21:00:00,21.1,,,,,,0,28,0,0,03t
2024-02-20 22:00:00,19.5,,,,,,0,28,0,0,03t
2024-02-20 23:00:00,23.8,,,,,,0,28,0,0,03t
2024-02-21 00:00:00,18.1,,,,,,0,28,0,0,03t
2024-02-21 01:00:00,17.1,,,,,,0,28,0,0,03t
2024-02-21 02:00:00,19.3,,,,,,0,27,0,0,03t
2024-02-21 03:00:00,20.8,,,,,,0,27,0,0,03t
2024-02-21 04:00:00,14.9,,,,,,0,27,0,0,03t
2024-02-21 05:00:00,17.4,,,,,,0,27,0,0,03t
2024-02-21 06:00:00,22.3,,,,,,0,27,0,0,03t
2024-02-21 07:00:00,23.7,,,,,,0,28,0,0,03t
2024-02-21 08:00:00,27.3,,,,,,0,29,0,0,03t
2024-02-21 09:00:00,23.8,,,,,,0,30,0,0,03t
2024-02-21 10:00:00,21.1,,,,,,0,32,0,0,03t
2024-02-21 11:00:00,20.9,,,,,,0,32,0,0,03t
2024-02-21 12:00:00,19.5,,,,,,0,33,0,0,03t
2024-02-21 13:00:00,18.8,,,,,,0,33,0,0,03t
2024-02-21 14:00:00,19.2,,,,,,0,32,0,0,03t
2024-02-21 15:00:00,21.4,,,,,,0,31,0,0,03t
2024-02-21 16:00:00,22.5,,,,,,0,31,0,0,03t
2024-02-21 17:00:00,21.3,,,,,,0,31,0,0,03t
2024-02-21 18:00:00,22.3,,,,,,0,29,0,0,03t
2024-02-21 19:00:00,24.7,,,,,,0,0,0,0,03t
2024-02-21 20:00:00,20.5,,,,,,0,0,0,0,03t
2024-02-21 21:00:00,19.2,,,,,,0,0,0,0,03t
2024-02-21 22:00:00,17.1,,,,,,0,0,0,0,03t
2024-02-21 23:00:00,17.7,,,,,,0,0,0,0,03t
2024-02-22 00:00:00,15.6,,,,,,0,0,0,0,03t
2024-02-22 01:00:00,14.2,,,,,,0,0,0,0,03t
2024-02-22 02:00:00,16.1,,,,,,0,0,0,0,03t
2024-02-22 03:00:00,18.6,,,,,,0,0,0,0,03t
2024-02-22 04:00:00,16.9,,,,,,0,0,0,0,03t
2024-02-22 05:00:00,19.2,,,,,,0,28,0,0,03t
2024-02-22 06:00:00,18.5,,,,,,0,28,0,0,03t
2024-02-22 07:00:00,22.4,,,,,,0,28,0,0,03t
2024-02-22 08:00:00,25.9,,,,,,0,30,0,0,03t
2024-02-22 09:00:00,25.1,,,,,,0,31,0,0,03t
2024-02-22 10:00:00,24.5,,,,,,0,32,0,0,03t
2024-02-22 11:00:00,23.2,,,,,,0,33,0,0,03t
2024-02-22 12:00:00,24.4,,,,,,0,33,0,0,03t
2024-02-22 13:00:00,23.9,,,,,,0,33,0,0,03t
2024-02-22 14:00:00,20.1,,,,,,0,32,0,0,03t
2024-02-22 15:00:00,22.2,,,,,,0,32,0,0,03t
2024-02-22 16:00:00,23.6,,,,,,0,32,0,0,03t
2024-02-22 17:00:00,19.8,,,,,,0,32,0,0,03t
2024-02-22 18:00:00,20.5,,,,,,0,30,0,0,03t
2024-02-22 19:00:00,18.9,,,,,,0,29,0,0,03t
2024-02-22 20:00:00,18.3,,,,,,0,29,0,0,03t
2024-02-22 21:00:00,20.2,,,,,,0,28,0,0,03t
2024-02-22 22:00:00,21.1,,,,,,0,28,0,0,03t
2024-02-22 23:00:00,15.8,,,,,,0,0,0,0,03t
2024-02-23 00:00:00,13.7,,,,,,0,0,0,0,03t
2024-02-23 01:00:00,14.3,,,,,,0,0,0,0,03t
2024-02-23 02:00:00,14.1,,,,,,0,0,0,0,03t
2024-02-23 03:00:00,15.1,,,,,,0,0,0,0,03t
2024-02-23 04:00:00,17.7,,,,,,0,0,0,0,03t
2024-02-23 05:00:00,20.5,,,,,,0,28,0,0,03t
2024-02-23 06:00:00,23.9,,,,,,0,28,0,0,03t
2024-02-23 07:00:00,25.2,,,,,,0,29,0,0,03t
2024-02-23 08:00:00,23.8,,,,,,0,30,0,0,03t
2024-02-23 09:00:00,22.4,,,,,,0,32,0,0,03t
2024-02-23 10:00:00,23.6,,,,,,0,33,0,0,03t
2024-02-23 11:00:00,26.7,,,,,,0,33,0,0,03t
2024-02-23 12:00:00,24.2,,,,,,0,33,0,0,03t
2024-02-23 13:00:00,21.4,,,,,,0,34,0,0,03t
2024-02-23 14:00:00,23.7,,,,,,0,33,0,0,03t
2024-02-23 15:00:00,22.2,,,,,,0,32,0,0,03t
2024-02-23 16:00:00,21.3,,,,,,0,32,0,0,03t
2024-02-23 17:00:00,25.2,,,,,,0,0,0,0,03t
2024-02-23 18:00:00,23.5,,,,,,0,0,0,0,03t
2024-02-23 19:00:00,24.5,,,,,,0,0,0,0,03t
2024-02-23 20:00:00,19.9,,,,,,0,0,0,0,03t
2024-02-23 21:00:00,20.8,,,,,,0,0,0,0,03t
2024-02-23 22:00:00,18.2,,,,,,0,0,0,0,03t
2024-02-23 23:00:00,19.9,,,,,,0,0,0,0,03t
2024-02-24 00:00:00,17.2,,,,,,0,0,0,0,03t
2024-02-24 01:00:00,13.8,,,,,,0,0,0,0,03t
2024-02-24 02:00:00,14.3,,,,,,0,0,0,0,03t
2024-02-24 03:00:00,16.4,,,,,,0,0,0,0,03t
2024-02-24 04:00:00,14.2,,,,,,0,0,0,0,03t
2024-02-24 05:00:00,18.6,,,,,,0,28,0,0,03t
2024-02-24 06:00:00,20.9,,,,,,0,28,0,0,03t
2024-02-24 07:00:00,22.9,,,,,,0,28,0,0,03t
2024-02-24 08:00:00,20.0,,,,,,0,30,0,0,03t
2024-02-24 09:00:00,24.3,,,,,,0,31,0,0,03t
2024-02-24 10:00:00,25.9,,,,,,0,33,0,0,03t
2024-02-24 11:00:00,28.1,,,,,,0,33,0,0,03t
2024-02-24 12:00:00,25.7,,,,,,0,33,0,0,03t
2024-02-24 13:00:00,28.2,,,,,,0,34,0,0,03t
2024-02-24 14:00:00,26.8,,,,,,0,33,0,0,03t
2024-02-24 15:00:00,22.1,,,,,,0,33,0,0,03t
2024-02-24 16:00:00,25.1,,,,,,0,32,0,0,03t
2024-02-24 17:00:00,24.7,,,,,,0,32,0,0,03t
2024-02-24 18:00:00,24.1,,,,,,0,30,0,0,03t
2024-02-24 19:00:00,26.8,,,,,,0,29,0,0,03t
2024-02-24 20:00:00,25.9,,,,,,0,29,0,0,03t
2024-02-24 21:00:00,23.6,,,,,,0,0,0,0,03t
2024-02-24 22:00:00,20.5,,,,,,0,0,0,0,03t
2024-02-24 23:00:00,21.4,,,,,,0,0,0,0,03t
2024-02-25 00:00:00,17.6,,,,,,0,0,0,0,03t
2024-02-25 01:00:00,16.1,,,,,,0,0,0,0,03t
2024-02-25 02:00:00,14.2,,,,,,0,0,0,0,03t
2024-02-25 03:00:00,15.3,,,,,,0,0,0,0,03t
2024-02-25 04:00:00,13.8,,,,,,0,0,0,0,03t
2024-02-25 05:00:00,15.5,,,,,,0,27,0,0,03t
2024-02-25 06:00:00,20.4,,,,,,0,27,0,0,03t
2024-02-25 07:00:00,23.4,,,,,,0,28,0,0,03t
2024-02-25 08:00:00,22.2,,,,,,0,30,0,0,03t
2024-02-25 09:00:00,24.1,,,,,,0,31,0,0,03t
2024-02-25 10:00:00,19.3,,,,,,0,33,0,0,03t
2024-02-25 11:00:00,23.4,,,,,,0,34,0,0,03t
2024-02-25 12:00:00,24.7,,,,,,0,34,0,0,03t
2024-02-25 13:00:00,20.4,,,,,,0,34,0,0,03t
2024-02-25 14:00:00,21.5,,,,,,0,33,0,0,03t
2024-02-25 15:00:00,25.6,,,,,,0,33,0,0,03t
2024-02-25 16:00:00,28.7,,,,,,0,33,0,0,03t
2024-02-25 17:00:00,26.7,,,,,,0,32,0,0,03t
2024-02-25 18:00:00,23.2,,,,,,0,30,0,0,03t
2024-02-25 19:00:00,20.4,,,,,,0,30,0,0,03t
2024-02-25 20:00:00,20.9,,,,,,0,29,0,0,03t
2024-02-25 21:00:00,22.7,,,,,,0,29,0,0,03t
2024-02-25 22:00:00,18.1,,,,,,0,28,0,0,03t
2024-02-25 23:00:00,17.1,,,,,,0,0,0,0,03t
2024-02-26 00:00:00,18.4,,,,,,0,0,0,0,03t
2024-02-26 01:00:00,19.9,,,,,,0,0,0,0,03t
2024-02-26 02:00:00,16.3,,,,,,0,0,0,0,03t
2024-02-26 03:00:00,15.7,,,,,,0,0,0,0,03t
2024-02-26 04:00:00,17.9,,,,,,0,0,0,0,03t
2024-02-26 05:00:00,24.4,,,,,,0,28,0,0,03t
2024-02-26 06:00:00,27.2,,,,,,0,27,0,0,03t
2024-02-26 07:00:00,28.6,,,,,,0,28,0,0,03t
2024-02-26 08:00:00,32.9,,,,,,0,30,0,0,03t
2024-02-26 09:00:00,29.8,,,,,,0,31,0,0,03t
2024-02-26 10:00:00,28.5,,,,,,0,32,0,0,03t
2024-02-26 11:00:00,31.9,,,,,,0,33,0,0,03t
2024-02-26 12:00:00,33.5,,,,,,0,34,0,0,03t
2024-02-26 13:00:00,34.6,,,,,,0,34,0,0,03t
2024-02-26 14:00:00,36.4,,,,,,0,33,0,0,03t
2024-02-26 15:00:00,37.5,,,,,,0,33,0,0,03t
2024-02-26 16:00:00,39.1,,,,,,0,33,0,0,03t
2024-02-26 17:00:00,35.2,,,,,,0,32,0,0,03t
2024-02-26 18:00:00,33.2,,,,,,0,30,0,0,03t
2024-02-26 19:00:00,31.4,,,,,,0,30,0,0,03t
2024-02-26 20:00:00,32.6,,,,,,0,30,0,0,03t
2024-02-26 21:00:00,28.5,,,,,,0,29,0,0,03t
2024-02-26 22:00:00,27.2,,,,,,0,29,0,0,03t
2024-02-26 23:00:00,29.4,,,,,,0,0,0,0,03t
2024-02-27 00:00:00,26.6,,,,,,0,0,0,0,03t
2024-02-27 01:00:00,24.9,,,,,,0,0,0,0,03t
2024-02-27 02:00:00,23.5,,,,,,0,0,0,0,03t
2024-02-27 03:00:00,26.5,,,,,,0,0,0,0,03t
2024-02-27 04:00:00,27.5,,,,,,0,0,0,0,03t
2024-02-27 05:00:00,28.3,,,,,,0,0,0,0,03t
2024-02-27 06:00:00,35.7,,,,,,0,28,0,0,03t
2024-02-27 07:00:00,40.9,,,,,,0,29,0,0,03t
2024-02-27 08:00:00,41.5,,,,,,0,30,0,0,03t
2024-02-27 09:00:00,40.2,,,,,,0,31,0,0,03t
2024-02-27 10:00:00,42.5,,,,,,0,32,0,0,03t
2024-02-27 11:00:00,39.7,,,,,,0,33,0,0,03t
2024-02-27 12:00:00,37.7,,,,,,0,33,0,0,03t
2024-02-27 13:00:00,36.6,,,,,,0,34,0,0,03t
2024-02-27 14:00:00,39.4,,,,,,0,33,0,0,03t
2024-02-27 15:00:00,45.3,,,,,,0,33,0,0,03t
2024-02-27 16:00:00,50.4,,,,,,0,33,0,0,03t
2024-02-27 17:00:00,51.8,,,,,,0,33,0,0,03t
2024-02-27 18:00:00,49.3,,,,,,0,31,0,0,03t
2024-02-27 19:00:00,45.2,,,,,,0,30,0,0,03t
2024-02-27 20:00:00,39.2,,,,,,0,30,0,0,03t
2024-02-27 21:00:00,40.9,,,,,,0,29,0,0,03t
2024-02-27 22:00:00,38.5,,,,,,0,29,0,0,03t
2024-02-27 23:00:00,29.3,,,,,,0,0,0,0,03t
2024-02-01 00:00:00,47.1,,,,,,1,0,0,210,05t
2024-02-01 01:00:00,49.8,,,,,,2,0,0,196,05t
2024-02-01 02:00:00,45.0,,,,,,2,0,0,200,05t
2024-02-01 03:00:00,44.9,,,,,,1,0,0,185,05t
2024-02-01 04:00:00,42.9,,,,,,0,0,0,145,05t
2024-02-01 05:00:00,40.0,,,,,,0,0,0,174,05t
2024-02-01 06:00:00,39.1,,,,,,1,0,0,182,05t
2024-02-01 07:00:00,42.1,,,,,,0,0,0,180,05t
2024-02-01 08:00:00,43.9,,,,,,1,0,0,189,05t
2024-02-01 09:00:00,39.8,,,,,,2,0,0,192,05t
2024-02-01 10:00:00,33.9,,,,,,2,0,0,187,05t
2024-02-01 11:00:00,32.0,,,,,,2,0,0,194,05t
2024-02-01 12:00:00,33.0,,,,,,2,0,0,197,05t
2024-02-01 13:00:00,31.9,,,,,,2,0,0,194,05t
2024-02-01 14:00:00,27.9,,,,,,2,0,0,194,05t
2024-02-01 15:00:00,24.9,,,,,,3,0,0,191,05t
2024-02-01 16:00:00,23.1,,,,,,3,0,0,194,05t
2024-02-01 17:00:00,27.0,,,,,,2,0,0,193,05t
2024-02-01 18:00:00,27.9,,,,,,2,0,0,182,05t
2024-02-01 19:00:00,24.1,,,,,,2,0,0,176,05t
2024-02-01 20:00:00,26.9,,,,,,2,0,0,179,05t
2024-02-01 21:00:00,24.9,,,,,,2,0,0,195,05t
2024-02-01 22:00:00,22.9,,,,,,2,0,0,195,05t
2024-02-01 23:00:00,20.0,,,,,,2,0,0,194,05t
2024-02-02 00:00:00,20.0,,,,,,2,0,0,195,05t
2024-02-02 01:00:00,19.1,,,,,,2,0,0,197,05t
2024-02-02 02:00:00,21.0,,,,,,1,0,0,197,05t
2024-02-02 03:00:00,20.9,,,,,,1,0,0,192,05t
2024-02-02 04:00:00,19.1,,,,,,1,0,0,192,05t
2024-02-02 05:00:00,22.9,,,,,,1,0,0,197,05t
2024-02-02 06:00:00,20.1,,,,,,1,0,0,185,05t
2024-02-02 07:00:00,23.1,,,,,,1,0,0,185,05t
2024-02-02 08:00:00,26.1,,,,,,2,0,0,187,05t
2024-02-02 09:00:00,27.9,,,,,,2,0,0,200,05t
2024-02-02 10:00:00,24.0,,,,,,2,0,0,199,05t
2024-02-02 11:00:00,25.0,,,,,,2,0,0,192,05t
2024-02-02 12:00:00,25.1,,,,,,2,0,0,197,05t
2024-02-02 13:00:00,26.7,,,,,,2,0,0,189,05t
2024-02-02 14:00:00,19.5,,,,,,3,0,0,190,05t
2024-02-02 15:00:00,32.0,,,,,,2,0,0,192,05t
2024-02-02 16:00:00,30.8,,,,,,2,0,0,190,05t
2024-02-02 17:00:00,24.1,,,,,,2,0,0,189,05t
2024-02-02 18:00:00,27.9,,,,,,2,0,0,187,05t
2024-02-02 19:00:00,25.1,,,,,,2,0,0,193,05t
2024-02-02 20:00:00,28.7,,,,,,2,0,0,193,05t
2024-02-02 21:00:00,21.1,,,,,,2,0,0,191,05t
2024-02-02 22:00:00,24.8,,,,,,2,0,0,191,05t
2024-02-02 23:00:00,20.0,,,,,,2,0,0,189,05t
2024-02-03 00:00:00,18.9,,,,,,2,0,0,191,05t
2024-02-03 01:00:00,17.1,,,,,,2,0,0,193,05t
2024-02-03 02:00:00,19.9,,,,,,2,0,0,191,05t
2024-02-03 03:00:00,18.3,,,,,,2,0,0,190,05t
2024-02-03 04:00:00,26.1,,,,,,2,0,0,189,05t
2024-02-03 05:00:00,29.9,,,,,,2,0,0,188,05t
2024-02-03 06:00:00,27.0,,,,,,1,0,0,188,05t
2024-02-03 07:00:00,26.3,,,,,,1,0,0,186,05t
2024-02-03 08:00:00,33.9,,,,,,2,0,0,197,05t
2024-02-03 09:00:00,31.9,,,,,,2,0,0,191,05t
2024-02-03 10:00:00,29.0,,,,,,2,0,0,193,05t
2024-02-03 11:00:00,28.0,,,,,,3,0,0,191,05t
2024-02-03 12:00:00,28.9,,,,,,3,0,0,185,05t
2024-02-03 13:00:00,26.1,,,,,,3,0,0,192,05t
2024-02-03 14:00:00,27.9,,,,,,3,0,0,187,05t
2024-02-03 15:00:00,25.0,,,,,,3,0,0,186,05t
2024-02-03 16:00:00,26.1,,,,,,2,0,0,195,05t
2024-02-03 17:00:00,30.1,,,,,,2,0,0,191,05t
2024-02-03 18:00:00,31.9,,,,,,2,0,0,183,05t
2024-02-03 19:00:00,28.2,,,,,,2,0,0,197,05t
2024-02-03 20:00:00,32.8,,,,,,2,0,0,194,05t
2024-02-03 21:00:00,28.1,,,,,,2,0,0,193,05t
2024-02-03 22:00:00,29.7,,,,,,2,0,0,192,05t
2024-02-03 23:00:00,22.0,,,,,,2,0,0,185,05t
2024-02-04 00:00:00,22.2,,,,,,2,0,0,195,05t
2024-02-04 01:00:00,28.8,,,,,,2,0,0,190,05t
2024-02-04 02:00:00,22.2,,,,,,2,0,0,188,05t
2024-02-04 03:00:00,28.0,,,,,,1,0,0,191,05t
2024-02-04 04:00:00,27.0,,,,,,1,0,0,180,05t
2024-02-04 05:00:00,25.9,,,,,,2,0,0,183,05t
2024-02-04 06:00:00,24.3,,,,,,2,0,0,190,05t
2024-02-04 07:00:00,31.9,,,,,,2,0,0,188,05t
2024-02-04 08:00:00,29.0,,,,,,2,0,0,184,05t
2024-02-04 09:00:00,30.0,,,,,,2,0,0,193,05t
2024-02-04 10:00:00,29.8,,,,,,2,0,0,193,05t
2024-02-04 11:00:00,24.3,,,,,,1,0,0,209,05t
2024-02-04 12:00:00,31.9,,,,,,2,0,0,197,05t
2024-02-04 13:00:00,29.0,,,,,,2,0,0,192,05t
2024-02-04 14:00:00,28.0,,,,,,2,0,0,188,05t
2024-02-04 15:00:00,28.9,,,,,,2,0,0,189,05t
2024-02-04 16:00:00,25.2,,,,,,2,0,0,202,05t
2024-02-04 17:00:00,31.0,,,,,,1,0,0,186,05t
2024-02-04 18:00:00,31.0,,,,,,1,0,0,166,05t
2024-02-04 19:00:00,32.1,,,,,,1,0,0,173,05t
2024-02-04 20:00:00,34.6,,,,,,2,0,0,179,05t
2024-02-04 21:00:00,25.0,,,,,,2,0,0,190,05t
2024-02-04 22:00:00,26.1,,,,,,2,0,0,197,05t
2024-02-04 23:00:00,29.8,,,,,,2,0,0,200,05t
2024-02-05 00:00:00,25.0,,,,,,2,0,0,202,05t
2024-02-05 01:00:00,24.0,,,,,,1,0,0,201,05t
2024-02-05 02:00:00,25.2,,,,,,0,0,0,266,05t
2024-02-05 03:00:00,29.8,,,,,,0,0,0,183,05t
2024-02-05 04:00:00,24.1,,,,,,0,0,0,86,05t
2024-02-05 05:00:00,26.1,,,,,,0,0,0,113,05t
2024-02-05 06:00:00,29.1,,,,,,0,0,0,129,05t
2024-02-05 07:00:00,31.3,,,,,,0,0,0,163,05t
2024-02-05 08:00:00,37.7,,,,,,2,0,0,190,05t
2024-02-05 09:00:00,30.9,,,,,,2,0,0,194,05t
2024-02-05 10:00:00,28.6,,,,,,2,0,0,185,05t
2024-02-05 11:00:00,19.4,,,,,,2,0,0,199,05t
2024-02-05 12:00:00,29.0,,,,,,2,0,0,196,05t
2024-02-05 13:00:00,30.2,,,,,,2,0,0,198,05t
2024-02-05 14:00:00,34.8,,,,,,2,0,0,193,05t
2024-02-05 15:00:00,31.0,,,,,,2,0,0,187,05t
2024-02-05 16:00:00,31.2,,,,,,2,0,0,188,05t
2024-02-05 17:00:00,36.0,,,,,,2,0,0,184,05t
2024-02-05 18:00:00,36.0,,,,,,1,0,0,157,05t
2024-02-05 19:00:00,35.3,,,,,,1,0,0,153,05t
2024-02-05 20:00:00,42.2,,,,,,1,0,0,180,05t
2024-02-05 21:00:00,47.4,,,,,,2,0,0,193,05t
2024-02-05 22:00:00,30.8,,,,,,2,0,0,200,05t
2024-02-05 23:00:00,25.9,,,,,,2,0,0,196,05t
2024-02-06 00:00:00,23.1,,,,,,2,0,0,201,05t
2024-02-06 01:00:00,25.9,,,,,,2,0,0,193,05t
2024-02-06 02:00:00,23.0,,,,,,1,0,0,200,05t
2024-02-06 03:00:00,22.1,,,,,,1,0,0,191,05t
2024-02-06 04:00:00,25.0,,,,,,1,0,0,187,05t
2024-02-06 05:00:00,26.0,,,,,,0,0,0,179,05t
2024-02-06 06:00:00,27.1,,,,,,0,0,0,180,05t
2024-02-06 07:00:00,29.2,,,,,,0,0,0,177,05t
2024-02-06 08:00:00,32.8,,,,,,2,0,0,177,05t
2024-02-06 09:00:00,27.8,,,,,,2,0,0,178,05t
2024-02-06 10:00:00,22.2,,,,,,3,0,0,198,05t
2024-02-06 11:00:00,26.1,,,,,,3,0,0,199,05t
2024-02-06 12:00:00,27.6,,,,,,3,0,0,198,05t
2024-02-06 13:00:00,17.1,,,,,,2,0,0,195,05t
2024-02-06 14:00:00,19.4,,,,,,2,0,0,188,05t
2024-02-06 15:00:00,29.7,,,,,,2,0,0,195,05t
2024-02-06 16:00:00,23.5,,,,,,2,0,0,198,05t
2024-02-06 17:00:00,35.7,,,,,,2,0,0,194,05t
2024-02-06 18:00:00,28.2,,,,,,2,0,0,177,05t
2024-02-06 19:00:00,33.0,,,,,,2,0,0,173,05t
2024-02-06 20:00:00,32.9,,,,,,2,0,0,185,05t
2024-02-06 21:00:00,29.7,,,,,,2,0,0,193,05t
2024-02-06 22:00:00,23.1,,,,,,2,0,0,198,05t
2024-02-06 23:00:00,25.0,,,,,,2,0,0,198,05t
2024-02-07 00:00:00,26.3,,,,,,2,0,0,198,05t
2024-02-07 01:00:00,32.7,,,,,,2,0,0,198,05t
2024-02-07 02:00:00,24.1,,,,,,1,0,0,189,05t
2024-02-07 03:00:00,27.0,,,,,,1,0,0,191,05t
2024-02-07 04:00:00,27.9,,,,,,1,0,0,184,05t
2024-02-07 05:00:00,25.1,,,,,,1,0,0,192,05t
2024-02-07 06:00:00,28.0,,,,,,0,0,0,177,05t
2024-02-07 07:00:00,27.2,,,,,,1,0,0,194,05t
2024-02-07 08:00:00,31.7,,,,,,2,0,0,190,05t
2024-02-07 09:00:00,23.9,,,,,,2,0,0,187,05t
2024-02-07 10:00:00,21.2,,,,,,2,0,0,185,05t
2024-02-07 11:00:00,24.9,,,,,,3,0,0,191,05t
2024-02-07 12:00:00,23.0,,,,,,3,0,0,186,05t
2024-02-07 13:00:00,23.0,,,,,,3,0,0,192,05t
2024-02-07 14:00:00,22.2,,,,,,3,0,0,187,05t
2024-02-07 15:00:00,27.7,,,,,,3,0,0,190,05t
2024-02-07 16:00:00,20.3,,,,,,2,0,0,189,05t
2024-02-07 17:00:00,28.0,,,,,,2,0,0,193,05t
2024-02-07 18:00:00,28.9,,,,,,2,0,0,179,05t
2024-02-07 19:00:00,26.0,,,,,,1,0,0,182,05t
2024-02-07 20:00:00,25.2,,,,,,1,0,0,189,05t
2024-02-07 21:00:00,29.8,,,,,,1,0,0,187,05t
2024-02-07 22:00:00,25.0,,,,,,2,0,0,190,05t
2024-02-07 23:00:00,25.1,,,,,,2,0,0,196,05t
2024-02-08 00:00:00,27.0,,,,,,1,0,0,193,05t
2024-02-08 01:00:00,27.8,,,,,,1,0,0,190,05t
2024-02-08 02:00:00,24.0,,,,,,1,0,0,194,05t
2024-02-08 03:00:00,25.2,,,,,,2,0,0,195,05t
2024-02-08 04:00:00,28.9,,,,,,2,0,0,192,05t
2024-02-08 05:00:00,26.9,,,,,,1,0,0,188,05t
2024-02-08 06:00:00,24.1,,,,,,1,0,0,181,05t
2024-02-08 07:00:00,26.1,,,,,,1,0,0,188,05t
2024-02-08 08:00:00,29.0,,,,,,2,0,0,191,05t
2024-02-08 09:00:00,29.8,,,,,,3,0,0,190,05t
2024-02-08 10:00:00,23.8,,,,,,3,0,0,195,05t
2024-02-08 11:00:00,20.0,,,,,,3,0,0,205,05t
2024-02-08 12:00:00,19.0,,,,,,3,0,0,199,05t
2024-02-08 13:00:00,19.0,,,,,,3,0,0,201,05t
2024-02-08 14:00:00,19.9,,,,,,3,0,0,201,05t
2024-02-08 15:00:00,17.1,,,,,,3,0,0,197,05t
2024-02-08 16:00:00,20.0,,,,,,3,0,0,200,05t
2024-02-08 17:00:00,21.0,,,,,,2,0,0,204,05t
2024-02-08 18:00:00,22.2,,,,,,2,0,0,189,05t
2024-02-08 19:00:00,26.1,,,,,,1,0,0,193,05t
2024-02-08 20:00:00,28.0,,,,,,2,0,0,199,05t
2024-02-08 21:00:00,28.8,,,,,,2,0,0,196,05t
2024-02-08 22:00:00,22.8,,,,,,2,0,0,188,05t
2024-02-08 23:00:00,19.0,,,,,,2,0,0,187,05t
2024-02-09 00:00:00,19.3,,,,,,2,0,0,187,05t
2024-02-09 01:00:00,25.7,,,,,,2,0,0,193,05t
2024-02-09 02:00:00,18.2,,,,,,2,0,0,185,05t
2024-02-09 03:00:00,21.9,,,,,,1,0,0,182,05t
2024-02-09 04:00:00,19.3,,,,,,0,0,0,170,05t
2024-02-09 05:00:00,26.8,,,,,,1,0,0,165,05t
2024-02-09 06:00:00,22.2,,,,,,0,0,0,152,05t
2024-02-09 07:00:00,27.1,,,,,,1,0,0,151,05t
2024-02-09 08:00:00,29.8,,,,,,2,0,0,154,05t
2024-02-09 09:00:00,25.1,,,,,,3,0,0,172,05t
2024-02-09 10:00:00,27.8,,,,,,3,0,0,181,05t
2024-02-09 11:00:00,23.7,,,,,,3,0,0,186,05t
2024-02-09 12:00:00,17.2,,,,,,3,0,0,190,05t
2024-02-09 13:00:00,21.2,,,,,,3,0,0,203,05t
2024-02-09 14:00:00,24.9,,,,,,3,0,0,197,05t
2024-02-09 15:00:00,22.0,,,,,,3,0,0,192,05t
2024-02-09 16:00:00,22.9,,,,,,3,0,0,194,05t
2024-02-09 17:00:00,20.0,,,,,,3,0,0,195,05t
2024-02-09 18:00:00,20.1,,,,,,2,0,0,193,05t
2024-02-09 19:00:00,23.2,,,,,,2,0,0,187,05t
2024-02-09 20:00:00,27.9,,,,,,2,0,0,187,05t
2024-02-09 21:00:00,24.9,,,,,,2,0,0,184,05t
2024-02-09 22:00:00,22.9,,,,,,2,0,0,182,05t
2024-02-09 23:00:00,20.2,,,,,,2,0,0,182,05t
2024-02-10 00:00:00,24.5,,,,,,2,0,0,181,05t
2024-02-10 01:00:00,35.8,,,,,,2,0,0,171,05t
2024-02-10 02:00:00,30.9,,,,,,1,0,0,179,05t
2024-02-10 03:00:00,29.0,,,,,,1,0,0,172,05t
2024-02-10 04:00:00,30.1,,,,,,1,0,0,184,05t
2024-02-10 05:00:00,32.2,,,,,,1,0,0,173,05t
2024-02-10 06:00:00,36.0,,,,,,0,0,0,167,05t
2024-02-10 07:00:00,37.1,,,,,,1,0,0,167,05t
2024-02-10 08:00:00,39.7,,,,,,1,0,0,167,05t
2024-02-10 09:00:00,32.0,,,,,,2,0,0,155,05t
2024-02-10 10:00:00,32.1,,,,,,2,0,0,164,05t
2024-02-10 11:00:00,36.2,,,,,,2,0,0,160,05t
2024-02-10 12:00:00,41.8,,,,,,2,0,0,171,05t
2024-02-10 13:00:00,35.1,,,,,,1,0,0,167,05t
2024-02-10 14:00:00,37.1,,,,,,2,0,0,122,05t
2024-02-10 15:00:00,40.2,,,,,,2,0,0,129,05t
2024-02-10 16:00:00,45.2,,,,,,2,0,0,191,05t
2024-02-10 17:00:00,51.8,,,,,,2,0,0,189,05t
2024-02-10 18:00:00,46.9,,,,,,1,0,0,191,05t
2024-02-10 19:00:00,44.9,,,,,,1,0,0,173,05t
2024-02-10 20:00:00,42.1,,,,,,0,0,0,255,05t
2024-02-10 21:00:00,44.0,,,,,,0,0,0,151,05t
2024-02-10 22:00:00,44.9,,,,,,1,0,0,120,05t
2024-02-10 23:00:00,42.8,,,,,,1,0,0,133,05t
2024-02-11 00:00:00,36.8,,,,,,1,0,0,132,05t
2024-02-11 01:00:00,32.1,,,,,,1,0,0,88,05t
2024-02-11 02:00:00,36.9,,,,,,1,0,0,128,05t
2024-02-11 03:00:00,32.1,,,,,,1,0,0,115,05t
2024-02-11 04:00:00,34.9,,,,,,1,0,0,79,05t
2024-02-11 05:00:00,31.1,,,,,,2,0,0,99,05t
2024-02-11 06:00:00,33.1,,,,,,2,0,0,90,05t
2024-02-11 07:00:00,35.2,,,,,,2,0,0,77,05t
2024-02-11 08:00:00,42.8,,,,,,3,0,0,75,05t
2024-02-11 09:00:00,36.2,,,,,,3,0,0,56,05t
2024-02-11 10:00:00,42.8,,,,,,3,0,0,80,05t
2024-02-11 11:00:00,36.1,,,,,,3,0,0,56,05t
2024-02-11 12:00:00,39.8,,,,,,3,0,0,72,05t
2024-02-11 13:00:00,34.1,,,,,,3,0,0,65,05t
2024-02-11 14:00:00,36.2,,,,,,2,0,0,46,05t
2024-02-11 15:00:00,42.0,,,,,,2,0,0,51,05t
2024-02-11 16:00:00,42.9,,,,,,2,0,0,30,05t
2024-02-11 17:00:00,39.0,,,,,,2,0,0,51,05t
2024-02-11 18:00:00,39.9,,,,,,2,0,0,30,05t
2024-02-11 19:00:00,37.5,,,,,,1,0,0,321,05t
2024-02-11 20:00:00,54.0,,,,,,1,0,0,322,05t
2024-02-11 21:00:00,53.2,,,,,,1,0,0,28,05t
2024-02-11 22:00:00,60.1,,,,,,1,0,0,77,05t
2024-02-11 23:00:00,62.8,,,,,,1,0,0,28,05t
2024-02-12 00:00:00,57.3,,,,,,1,0,0,48,05t
2024-02-12 01:00:00,66.3,,,,,,1,0,0,96,05t
2024-02-12 02:00:00,76.1,,,,,,1,0,0,79,05t
2024-02-12 03:00:00,79.2,,,,,,1,0,0,90,05t
2024-02-12 04:00:00,53.1,,,,,,1,0,0,79,05t
2024-02-12 05:00:00,56.0,,,,,,1,0,0,82,05t
2024-02-12 06:00:00,54.9,,,,,,1,0,0,97,05t
2024-02-12 07:00:00,53.0,,,,,,2,0,0,66,05t
2024-02-12 08:00:00,51.9,,,,,,2,0,0,67,05t
2024-02-12 09:00:00,49.9,,,,,,2,0,0,59,05t
2024-02-12 10:00:00,46.9,,,,,,3,0,0,50,05t
2024-02-12 11:00:00,44.1,,,,,,3,0,0,80,05t
2024-02-12 12:00:00,47.9,,,,,,2,0,0,67,05t
2024-02-12 13:00:00,43.2,,,,,,3,0,0,34,05t
2024-02-12 14:00:00,51.1,,,,,,2,0,0,26,05t
2024-02-12 15:00:00,52.9,,,,,,2,0,0,2,05t
2024-02-12 16:00:00,49.0,,,,,,2,0,0,31,05t
2024-02-12 17:00:00,48.1,,,,,,2,0,0,0,05t
2024-02-12 18:00:00,53.0,,,,,,1,0,0,18,05t
2024-02-12 19:00:00,52.3,,,,,,1,0,0,324,05t
2024-02-12 20:00:00,62.2,,,,,,1,0,0,321,05t
2024-02-12 21:00:00,68.1,,,,,,0,0,0,319,05t
2024-02-12 22:00:00,73.0,,,,,,0,0,0,287,05t
2024-02-12 23:00:00,73.8,,,,,,0,0,0,51,05t
2024-02-13 00:00:00,66.5,,,,,,1,0,0,98,05t
2024-02-13 01:00:00,82.3,,,,,,0,0,0,99,05t
2024-02-13 02:00:00,93.2,,,,,,0,0,0,92,05t
2024-02-13 03:00:00,98.8,,,,,,0,0,0,112,05t
2024-02-13 04:00:00,93.1,,,,,,0,0,0,104,05t
2024-02-13 05:00:00,98.3,,,,,,0,0,0,111,05t
2024-02-13 06:00:00,105.8,,,,,,1,0,0,91,05t
2024-02-13 07:00:00,67.1,,,,,,2,0,0,81,05t
2024-02-13 08:00:00,68.7,,,,,,2,0,0,70,05t
2024-02-13 09:00:00,59.5,,,,,,2,0,0,79,05t
2024-02-13 10:00:00,41.9,,,,,,3,0,0,79,05t
2024-02-13 11:00:00,40.1,,,,,,3,0,0,81,05t
2024-02-13 12:00:00,42.9,,,,,,3,0,0,86,05t
2024-02-13 13:00:00,41.1,,,,,,2,0,0,74,05t
2024-02-13 14:00:00,44.4,,,,,,2,0,0,92,05t
2024-02-13 15:00:00,58.2,,,,,,2,0,0,43,05t
2024-02-13 16:00:00,64.9,,,,,,2,0,0,27,05t
2024-02-13 17:00:00,59.9,,,,,,2,0,0,15,05t
2024-02-13 18:00:00,56.1,,,,,,1,0,0,352,05t
2024-02-13 19:00:00,58.3,,,,,,1,0,0,327,05t
2024-02-13 20:00:00,67.0,,,,,,1,0,0,311,05t
2024-02-13 21:00:00,68.4,,,,,,1,0,0,308,05t
2024-02-13 22:00:00,79.9,,,,,,1,0,0,286,05t
2024-02-13 23:00:00,78.1,,,,,,0,0,0,166,05t
2024-02-14 00:00:00,83.1,,,,,,0,0,0,130,05t
2024-02-14 01:00:00,85.0,,,,,,0,0,0,136,05t
2024-02-14 02:00:00,86.1,,,,,,0,0,0,128,05t
2024-02-14 03:00:00,91.2,,,,,,0,0,0,113,05t
2024-02-14 04:00:00,98.2,,,,,,0,0,0,75,05t
2024-02-14 05:00:00,105.9,,,,,,0,0,0,93,05t
2024-02-14 06:00:00,102.3,,,,,,0,0,0,93,05t
2024-02-14 07:00:00,112.8,,,,,,1,0,0,103,05t
2024-02-14 08:00:00,106.9,,,,,,1,0,0,77,05t
2024-02-14 09:00:00,102.1,,,,,,2,0,0,93,05t
2024-02-14 10:00:00,70.6,,,,,,2,0,0,109,05t
2024-02-14 11:00:00,58.9,,,,,,2,0,0,116,05t
2024-02-14 12:00:00,54.9,,,,,,2,0,0,125,05t
2024-02-14 13:00:00,53.0,,,,,,2,0,0,164,05t
2024-02-14 14:00:00,54.1,,,,,,1,0,0,37,05t
2024-02-14 15:00:00,58.8,,,,,,1,0,0,267,05t
2024-02-14 16:00:00,53.2,,,,,,2,0,0,180,05t
2024-02-14 17:00:00,59.0,,,,,,1,0,0,197,05t
2024-02-14 18:00:00,58.1,,,,,,2,0,0,189,05t
2024-02-14 19:00:00,61.3,,,,,,2,0,0,195,05t
2024-02-14 20:00:00,71.9,,,,,,2,0,0,194,05t
2024-02-14 21:00:00,69.4,,,,,,1,0,0,188,05t
2024-02-14 22:00:00,83.9,,,,,,1,0,0,190,05t
2024-02-14 23:00:00,79.7,,,,,,1,0,0,186,05t
2024-02-15 00:00:00,68.1,,,,,,1,0,0,185,05t
2024-02-15 01:00:00,69.6,,,,,,1,0,0,186,05t
2024-02-15 02:00:00,57.9,,,,,,1,0,0,187,05t
2024-02-15 03:00:00,56.0,,,,,,1,0,0,178,05t
2024-02-15 04:00:00,57.0,,,,,,0,0,0,185,05t
2024-02-15 05:00:00,57.1,,,,,,0,0,0,132,05t
2024-02-15 06:00:00,59.0,,,,,,0,0,0,83,05t
2024-02-15 07:00:00,60.0,,,,,,0,0,0,139,05t
2024-02-15 08:00:00,58.8,,,,,,1,0,0,144,05t
2024-02-15 09:00:00,53.1,,,,,,1,0,0,171,05t
2024-02-15 10:00:00,57.9,,,,,,1,0,0,219,05t
2024-02-15 11:00:00,55.1,,,,,,2,0,0,181,05t
2024-02-15 12:00:00,59.1,,,,,,2,0,0,197,05t
2024-02-15 13:00:00,60.7,,,,,,2,0,0,236,05t
2024-02-15 14:00:00,49.7,,,,,,2,0,0,189,05t
2024-02-15 15:00:00,39.3,,,,,,2,0,0,187,05t
2024-02-15 16:00:00,49.1,,,,,,2,0,0,184,05t
2024-02-15 17:00:00,53.1,,,,,,2,0,0,188,05t
2024-02-15 18:00:00,56.4,,,,,,2,0,0,192,05t
2024-02-15 19:00:00,37.9,,,,,,2,0,0,192,05t
2024-02-15 20:00:00,32.9,,,,,,2,0,0,203,05t
2024-02-15 21:00:00,29.1,,,,,,2,0,0,195,05t
2024-02-15 22:00:00,31.0,,,,,,2,0,0,188,05t
2024-02-15 23:00:00,29.9,,,,,,2,0,0,189,05t
2024-02-16 00:00:00,26.9,,,,,,1,0,0,188,05t
2024-02-16 01:00:00,25.1,,,,,,2,0,0,187,05t
2024-02-16 02:00:00,26.9,,,,,,1,0,0,184,05t
2024-02-16 03:00:00,23.1,,,,,,1,0,0,182,05t
2024-02-16 04:00:00,26.9,,,,,,1,0,0,187,05t
2024-02-16 05:00:00,23.0,,,,,,1,0,0,182,05t
2024-02-16 06:00:00,24.3,,,,,,1,0,0,170,05t
2024-02-16 07:00:00,33.0,,,,,,1,0,0,188,05t
2024-02-16 08:00:00,33.9,,,,,,1,0,0,188,05t
2024-02-16 09:00:00,29.9,,,,,,1,0,0,175,05t
2024-02-16 10:00:00,28.4,,,,,,1,0,0,169,05t
2024-02-16 11:00:00,40.1,,,,,,1,0,0,254,05t
2024-02-16 12:00:00,43.5,,,,,,3,0,0,201,05t
2024-02-16 13:00:00,28.0,,,,,,2,0,0,190,05t
2024-02-16 14:00:00,29.1,,,,,,2,0,0,174,05t
2024-02-16 15:00:00,33.1,,,,,,2,0,0,197,05t
2024-02-16 16:00:00,34.9,,,,,,2,0,0,189,05t
2024-02-16 17:00:00,32.0,,,,,,2,0,0,187,05t
2024-02-16 18:00:00,30.9,,,,,,2,0,0,195,05t
2024-02-16 19:00:00,28.6,,,,,,2,0,0,192,05t
2024-02-16 20:00:00,17.3,,,,,,2,0,0,190,05t
2024-02-16 21:00:00,26.7,,,,,,2,0,0,185,05t
2024-02-16 22:00:00,18.2,,,,,,2,0,0,190,05t
2024-02-16 23:00:00,24.0,,,,,,2,0,0,194,05t
2024-02-17 00:00:00,25.1,,,,,,2,0,0,188,05t
2024-02-17 01:00:00,27.8,,,,,,2,0,0,194,05t
2024-02-17 02:00:00,21.0,,,,,,2,0,0,194,05t
2024-02-17 03:00:00,22.0,,,,,,2,0,0,197,05t
2024-02-17 04:00:00,23.0,,,,,,1,0,0,191,05t
2024-02-17 05:00:00,23.1,,,,,,1,0,0,196,05t
2024-02-17 06:00:00,27.1,,,,,,1,0,0,154,05t
2024-02-17 07:00:00,29.9,,,,,,1,0,0,301,05t
2024-02-17 08:00:00,26.2,,,,,,1,0,0,219,05t
2024-02-17 09:00:00,34.2,,,,,,1,0,0,223,05t
2024-02-17 10:00:00,41.2,,,,,,0,0,0,287,05t
2024-02-17 11:00:00,49.0,,,,,,1,0,0,295,05t
2024-02-17 12:00:00,49.8,,,,,,2,0,0,250,05t
2024-02-17 13:00:00,42.6,,,,,,2,0,0,188,05t
2024-02-17 14:00:00,30.9,,,,,,3,0,0,190,05t
2024-02-17 15:00:00,27.9,,,,,,3,0,0,186,05t
2024-02-17 16:00:00,25.9,,,,,,3,0,0,195,05t
2024-02-17 17:00:00,21.1,,,,,,3,0,0,186,05t
2024-02-17 18:00:00,25.0,,,,,,3,0,0,180,05t
2024-02-17 19:00:00,24.9,,,,,,3,0,0,184,05t
2024-02-17 20:00:00,21.0,,,,,,3,0,0,187,05t
2024-02-17 21:00:00,20.0,,,,,,3,0,0,189,05t
2024-02-17 22:00:00,19.9,,,,,,3,0,0,190,05t
2024-02-17 23:00:00,16.1,,,,,,3,0,0,188,05t
2024-02-18 00:00:00,18.0,,,,,,2,0,0,189,05t
2024-02-18 01:00:00,19.0,,,,,,2,0,0,184,05t
2024-02-18 02:00:00,17.9,,,,,,2,0,0,190,05t
2024-02-18 03:00:00,16.1,,,,,,1,0,0,185,05t
2024-02-18 04:00:00,20.0,,,,,,1,0,0,186,05t
2024-02-18 05:00:00,21.0,,,,,,1,0,0,186,05t
2024-02-18 06:00:00,21.1,,,,,,1,0,0,188,05t
2024-02-18 07:00:00,24.8,,,,,,2,0,0,187,05t
2024-02-18 08:00:00,18.0,,,,,,3,0,0,191,05t
2024-02-18 09:00:00,19.1,,,,,,3,0,0,197,05t
2024-02-18 10:00:00,21.9,,,,,,3,0,0,190,05t
2024-02-18 11:00:00,17.1,,,,,,3,0,0,197,05t
2024-02-18 12:00:00,19.8,,,,,,3,0,0,198,05t
2024-02-18 13:00:00,12.2,,,,,,3,0,0,194,05t
2024-02-18 14:00:00,20.1,,,,,,3,0,0,201,05t
2024-02-18 15:00:00,23.0,,,,,,3,0,0,192,05t
2024-02-18 16:00:00,22.0,,,,,,3,0,0,195,05t
2024-02-18 17:00:00,22.1,,,,,,3,0,0,201,05t
2024-02-18 18:00:00,25.1,,,,,,3,0,0,184,05t
2024-02-18 19:00:00,27.9,,,,,,3,0,0,188,05t
2024-02-18 20:00:00,23.9,,,,,,2,0,0,191,05t
2024-02-18 21:00:00,22.0,,,,,,2,0,0,194,05t
2024-02-18 22:00:00,21.9,,,,,,2,0,0,196,05t
2024-02-18 23:00:00,19.0,,,,,,2,0,0,188,05t
2024-02-19 00:00:00,18.0,,,,,,2,0,0,190,05t
2024-02-19 01:00:00,18.1,,,,,,2,0,0,191,05t
2024-02-19 02:00:00,20.9,,,,,,1,0,0,194,05t
2024-02-19 03:00:00,19.0,,,,,,1,0,0,193,05t
2024-02-19 04:00:00,19.9,,,,,,1,0,0,189,05t
2024-02-19 05:00:00,17.2,,,,,,1,0,0,183,05t
2024-02-19 06:00:00,22.1,,,,,,1,0,0,184,05t
2024-02-19 07:00:00,23.9,,,,,,1,0,0,187,05t
2024-02-19 08:00:00,21.1,,,,,,2,0,0,201,05t
2024-02-19 09:00:00,23.9,,,,,,2,0,0,201,05t
2024-02-19 10:00:00,20.0,,,,,,2,0,0,197,05t
2024-02-19 11:00:00,18.9,,,,,,3,0,0,201,05t
2024-02-19 12:00:00,16.1,,,,,,3,0,0,198,05t
2024-02-19 13:00:00,18.1,,,,,,3,0,0,198,05t
2024-02-19 14:00:00,19.9,,,,,,4,0,0,191,05t
2024-02-19 15:00:00,18.0,,,,,,3,0,0,197,05t
2024-02-19 16:00:00,17.0,,,,,,3,0,0,193,05t
2024-02-19 17:00:00,16.9,,,,,,3,0,0,194,05t
2024-02-19 18:00:00,13.1,,,,,,3,0,0,190,05t
2024-02-19 19:00:00,16.9,,,,,,2,0,0,175,05t
2024-02-19 20:00:00,15.1,,,,,,2,0,0,174,05t
2024-02-19 21:00:00,18.9,,,,,,2,0,0,182,05t
2024-02-19 22:00:00,16.1,,,,,,2,0,0,190,05t
2024-02-19 23:00:00,17.8,,,,,,2,0,0,195,05t
2024-02-20 00:00:00,12.9,,,,,,2,0,0,190,05t
2024-02-20 01:00:00,9.1,,,,,,2,0,0,197,05t
2024-02-20 02:00:00,13.1,,,,,,2,0,0,197,05t
2024-02-20 03:00:00,15.9,,,,,,2,0,0,195,05t
2024-02-20 04:00:00,14.0,,,,,,2,0,0,196,05t
2024-02-20 05:00:00,14.0,,,,,,1,0,0,191,05t
2024-02-20 06:00:00,13.1,,,,,,1,0,0,201,05t
2024-02-20 07:00:00,16.0,,,,,,2,0,0,186,05t
2024-02-20 08:00:00,16.0,,,,,,2,0,0,191,05t
2024-02-20 09:00:00,15.9,,,,,,3,0,0,187,05t
2024-02-20 10:00:00,14.2,,,,,,3,0,0,193,05t
2024-02-20 11:00:00,18.8,,,,,,3,0,0,195,05t
2024-02-20 12:00:00,12.9,,,,,,3,0,0,196,05t
2024-02-20 13:00:00,11.2,,,,,,3,0,0,196,05t
2024-02-20 14:00:00,17.0,,,,,,3,0,0,189,05t
2024-02-20 15:00:00,16.1,,,,,,3,0,0,178,05t
2024-02-20 16:00:00,19.0,,,,,,3,0,0,182,05t
2024-02-20 17:00:00,20.0,,,,,,3,0,0,186,05t
2024-02-20 18:00:00,21.1,,,,,,3,0,0,186,05t
2024-02-20 19:00:00,23.9,,,,,,3,0,0,191,05t
2024-02-20 20:00:00,21.0,,,,,,3,0,0,190,05t
2024-02-20 21:00:00,21.1,,,,,,3,0,0,185,05t
2024-02-20 22:00:00,22.9,,,,,,3,0,0,190,05t
2024-02-20 23:00:00,19.9,,,,,,3,0,0,192,05t
2024-02-21 00:00:00,17.6,,,,,,2,0,0,196,05t
2024-02-21 01:00:00,33.3,,,,,,2,0,0,192,05t
2024-02-21 02:00:00,12.3,,,,,,2,0,0,189,05t
2024-02-21 03:00:00,21.1,,,,,,3,0,0,190,05t
2024-02-21 04:00:00,24.9,,,,,,3,0,0,186,05t
2024-02-21 05:00:00,21.8,,,,,,3,0,0,188,05t
2024-02-21 06:00:00,17.0,,,,,,2,0,0,186,05t
2024-02-21 07:00:00,17.0,,,,,,2,0,0,181,05t
2024-02-21 08:00:00,18.0,,,,,,3,0,0,179,05t
2024-02-21 09:00:00,17.1,,,,,,3,0,0,188,05t
2024-02-21 10:00:00,18.8,,,,,,3,0,0,193,05t
2024-02-21 11:00:00,14.1,,,,,,4,0,0,197,05t
2024-02-21 12:00:00,16.9,,,,,,4,0,0,199,05t
2024-02-21 13:00:00,13.2,,,,,,4,0,0,198,05t
2024-02-21 14:00:00,19.0,,,,,,4,0,0,200,05t
2024-02-21 15:00:00,19.1,,,,,,4,0,0,187,05t
2024-02-21 16:00:00,21.9,,,,,,4,0,0,184,05t
2024-02-21 17:00:00,18.0,,,,,,3,0,0,190,05t
2024-02-21 18:00:00,18.9,,,,,,3,0,0,189,05t
2024-02-21 19:00:00,17.0,,,,,,3,0,0,190,05t
2024-02-21 20:00:00,17.0,,,,,,3,0,0,188,05t
2024-02-21 21:00:00,17.0,,,,,,3,0,0,189,05t
2024-02-21 22:00:00,16.0,,,,,,2,0,0,195,05t
2024-02-21 23:00:00,15.0,,,,,,2,0,0,192,05t
2024-02-22 00:00:00,14.1,,,,,,3,0,0,188,05t
2024-02-22 01:00:00,16.1,,,,,,2,0,0,189,05t
2024-02-22 02:00:00,19.7,,,,,,2,0,0,193,05t
2024-02-22 03:00:00,11.2,,,,,,2,0,0,191,05t
2024-02-22 04:00:00,18.1,,,,,,2,0,0,186,05t
2024-02-22 05:00:00,20.0,,,,,,3,0,0,187,05t
2024-02-22 06:00:00,19.8,,,,,,2,0,0,186,05t
2024-02-22 07:00:00,14.2,,,,,,3,0,0,186,05t
2024-02-22 08:00:00,20.8,,,,,,3,0,0,192,05t
2024-02-22 09:00:00,15.2,,,,,,3,0,0,198,05t
2024-02-22 10:00:00,19.9,,,,,,3,0,0,198,05t
2024-02-22 11:00:00,16.0,,,,,,3,0,0,204,05t
2024-02-22 12:00:00,16.1,,,,,,3,0,0,196,05t
2024-02-22 13:00:00,17.7,,,,,,3,0,0,188,05t
2024-02-22 14:00:00,9.3,,,,,,3,0,0,194,05t
2024-02-22 15:00:00,17.0,,,,,,3,0,0,197,05t
2024-02-22 16:00:00,18.0,,,,,,3,0,0,194,05t
2024-02-22 17:00:00,18.1,,,,,,2,0,0,193,05t
2024-02-22 18:00:00,20.9,,,,,,2,0,0,192,05t
2024-02-22 19:00:00,18.1,,,,,,3,0,0,185,05t
2024-02-22 20:00:00,19.9,,,,,,2,0,0,188,05t
2024-02-22 21:00:00,16.9,,,,,,2,0,0,186,05t
2024-02-22 22:00:00,15.0,,,,,,2,0,0,188,05t
2024-02-22 23:00:00,15.0,,,,,,2,0,0,190,05t
2024-02-23 00:00:00,16.2,,,,,,2,0,0,189,05t
2024-02-23 01:00:00,20.8,,,,,,2,0,0,189,05t
2024-02-23 02:00:00,16.1,,,,,,2,0,0,189,05t
2024-02-23 03:00:00,19.9,,,,,,2,0,0,183,05t
2024-02-23 04:00:00,17.0,,,,,,2,0,0,185,05t
2024-02-23 05:00:00,18.0,,,,,,2,0,0,189,05t
2024-02-23 06:00:00,18.0,,,,,,2,0,0,189,05t
2024-02-23 07:00:00,17.9,,,,,,2,0,0,190,05t
2024-02-23 08:00:00,15.9,,,,,,2,0,0,199,05t
2024-02-23 09:00:00,13.2,,,,,,2,0,0,200,05t
2024-02-23 10:00:00,19.9,,,,,,3,0,0,198,05t
2024-02-23 11:00:00,15.9,,,,,,3,0,0,192,05t
2024-02-23 12:00:00,13.0,,,,,,3,0,0,200,05t
2024-02-23 13:00:00,14.0,,,,,,3,0,0,183,05t
2024-02-23 14:00:00,14.0,,,,,,3,0,0,192,05t
2024-02-23 15:00:00,13.0,,,,,,3,0,0,194,05t
2024-02-23 16:00:00,14.0,,,,,,3,0,0,195,05t
2024-02-23 17:00:00,15.1,,,,,,3,0,0,189,05t
2024-02-23 18:00:00,18.9,,,,,,2,0,0,192,05t
2024-02-23 19:00:00,16.1,,,,,,2,0,0,189,05t
2024-02-23 20:00:00,19.0,,,,,,3,0,0,189,05t
2024-02-23 21:00:00,17.9,,,,,,3,0,0,191,05t
2024-02-23 22:00:00,16.1,,,,,,2,0,0,192,05t
2024-02-23 23:00:00,18.8,,,,,,2,0,0,201,05t
2024-02-24 00:00:00,14.0,,,,,,2,0,0,195,05t
2024-02-24 01:00:00,14.0,,,,,,2,0,0,189,05t
2024-02-24 02:00:00,14.9,,,,,,2,0,0,189,05t
2024-02-24 03:00:00,13.1,,,,,,2,0,0,193,05t
2024-02-24 04:00:00,15.0,,,,,,2,0,0,199,05t
2024-02-24 05:00:00,15.2,,,,,,2,0,0,202,05t
2024-02-24 06:00:00,19.9,,,,,,2,0,0,195,05t
2024-02-24 07:00:00,17.0,,,,,,2,0,0,191,05t
2024-02-24 08:00:00,17.8,,,,,,2,0,0,199,05t
2024-02-24 09:00:00,11.2,,,,,,2,0,0,188,05t
2024-02-24 10:00:00,17.0,,,,,,2,0,0,191,05t
2024-02-24 11:00:00,17.2,,,,,,3,0,0,194,05t
2024-02-24 12:00:00,21.9,,,,,,3,0,0,188,05t
2024-02-24 13:00:00,17.9,,,,,,3,0,0,190,05t
2024-02-24 14:00:00,16.2,,,,,,3,0,0,185,05t
2024-02-24 15:00:00,20.9,,,,,,3,0,0,192,05t
2024-02-24 16:00:00,19.0,,,,,,3,0,0,194,05t
2024-02-24 17:00:00,19.2,,,,,,3,0,0,195,05t
2024-02-24 18:00:00,24.0,,,,,,2,0,0,193,05t
2024-02-24 19:00:00,23.8,,,,,,2,0,0,186,05t
2024-02-24 20:00:00,18.1,,,,,,2,0,0,186,05t
2024-02-24 21:00:00,19.9,,,,,,2,0,0,190,05t
2024-02-24 22:00:00,17.3,,,,,,3,0,0,186,05t
2024-02-24 23:00:00,24.8,,,,,,2,0,0,191,05t
2024-02-25 00:00:00,16.9,,,,,,2,0,0,185,05t
2024-02-25 01:00:00,15.2,,,,,,2,0,0,196,05t
2024-02-25 02:00:00,20.8,,,,,,1,0,0,191,05t
2024-02-25 03:00:00,15.1,,,,,,2,0,0,190,05t
2024-02-25 04:00:00,17.0,,,,,,1,0,0,199,05t
2024-02-25 05:00:00,17.0,,,,,,1,0,0,189,05t
2024-02-25 06:00:00,16.0,,,,,,1,0,0,192,05t
2024-02-25 07:00:00,16.0,,,,,,1,0,0,187,05t
2024-02-25 08:00:00,16.9,,,,,,2,0,0,193,05t
2024-02-25 09:00:00,15.0,,,,,,2,0,0,196,05t
2024-02-25 10:00:00,16.0,,,,,,2,0,0,190,05t
2024-02-25 11:00:00,16.0,,,,,,2,0,0,192,05t
2024-02-25 12:00:00,15.2,,,,,,2,0,0,202,05t
2024-02-25 13:00:00,22.0,,,,,,2,0,0,195,05t
2024-02-25 14:00:00,21.2,,,,,,2,0,0,204,05t
2024-02-25 15:00:00,25.9,,,,,,2,0,0,183,05t
2024-02-25 16:00:00,24.0,,,,,,3,0,0,200,05t
2024-02-25 17:00:00,23.9,,,,,,3,0,0,192,05t
2024-02-25 18:00:00,22.2,,,,,,2,0,0,195,05t
2024-02-25 19:00:00,26.7,,,,,,2,0,0,189,05t
2024-02-25 20:00:00,18.1,,,,,,2,0,0,193,05t
2024-02-25 21:00:00,21.9,,,,,,2,0,0,197,05t
2024-02-25 22:00:00,18.9,,,,,,2,0,0,190,05t
2024-02-25 23:00:00,15.0,,,,,,2,0,0,191,05t
2024-02-26 00:00:00,15.0,,,,,,2,0,0,187,05t
2024-02-26 01:00:00,15.2,,,,,,1,0,0,183,05t
2024-02-26 02:00:00,20.1,,,,,,2,0,0,189,05t
2024-02-26 03:00:00,22.0,,,,,,1,0,0,182,05t
2024-02-26 04:00:00,22.1,,,,,,1,0,0,185,05t
2024-02-26 05:00:00,24.9,,,,,,0,0,0,161,05t
2024-02-26 06:00:00,22.1,,,,,,0,0,0,118,05t
2024-02-26 07:00:00,24.1,,,,,,1,0,0,135,05t
2024-02-26 08:00:00,26.0,,,,,,1,0,0,143,05t
2024-02-26 09:00:00,26.0,,,,,,1,0,0,173,05t
2024-02-26 10:00:00,27.2,,,,,,1,0,0,139,05t
2024-02-26 11:00:00,32.0,,,,,,2,0,0,166,05t
2024-02-26 12:00:00,33.0,,,,,,2,0,0,204,05t
2024-02-26 13:00:00,32.4,,,,,,2,0,0,175,05t
2024-02-26 14:00:00,42.8,,,,,,2,0,0,204,05t
2024-02-26 15:00:00,36.2,,,,,,2,0,0,208,05t
2024-02-26 16:00:00,41.7,,,,,,2,0,0,191,05t
2024-02-26 17:00:00,32.9,,,,,,3,0,0,192,05t
2024-02-26 18:00:00,30.1,,,,,,3,0,0,198,05t
2024-02-26 19:00:00,32.8,,,,,,2,0,0,199,05t
2024-02-26 20:00:00,26.0,,,,,,2,0,0,194,05t
2024-02-26 21:00:00,25.9,,,,,,2,0,0,190,05t
2024-02-26 22:00:00,22.3,,,,,,2,0,0,190,05t
2024-02-26 23:00:00,29.9,,,,,,2,0,0,190,05t
2024-02-27 00:00:00,27.9,,,,,,1,0,0,187,05t
2024-02-27 01:00:00,24.0,,,,,,1,0,0,191,05t
2024-02-27 02:00:00,23.1,,,,,,1,0,0,192,05t
2024-02-27 03:00:00,26.0,,,,,,1,0,0,189,05t
2024-02-27 04:00:00,27.0,,,,,,1,0,0,183,05t
2024-02-27 05:00:00,26.2,,,,,,1,0,0,180,05t
2024-02-27 06:00:00,30.9,,,,,,1,0,0,178,05t
2024-02-27 07:00:00,27.2,,,,,,1,0,0,175,05t
2024-02-27 08:00:00,32.9,,,,,,1,0,0,189,05t
2024-02-27 09:00:00,29.2,,,,,,1,0,0,172,05t
2024-02-27 10:00:00,36.0,,,,,,1,0,0,153,05t
2024-02-27 11:00:00,34.8,,,,,,2,0,0,186,05t
2024-02-27 12:00:00,30.2,,,,,,2,0,0,186,05t
2024-02-27 13:00:00,37.1,,,,,,2,0,0,179,05t
2024-02-27 14:00:00,39.0,,,,,,2,0,0,188,05t
2024-02-27 15:00:00,40.3,,,,,,2,0,0,192,05t
2024-02-27 16:00:00,49.9,,,,,,2,0,0,186,05t
2024-02-27 17:00:00,45.9,,,,,,3,0,0,195,05t
2024-02-27 18:00:00,42.0,,,,,,2,0,0,197,05t
2024-02-27 19:00:00,42.0,,,,,,2,0,0,191,05t
2024-02-27 20:00:00,40.7,,,,,,2,0,0,192,05t
2024-02-27 21:00:00,33.2,,,,,,2,0,0,195,05t
2024-02-27 22:00:00,38.0,,,,,,2,0,0,188,05t
2024-02-27 23:00:00,38.9,,,,,,2,0,0,188,05t
